target_id,guide_id,benchmark_role,reference_id,reference_class,organism,assembly_accession,n_fasta_records,n_flagged_sites,minimum_mismatches,n_sites_at_most_2_mismatches,n_seed_exact_sites_at_most_4_mismatches,screen_status,site_details
colibactin,sgclbB_4387,primary,faecalibacterium_a2_165,gut_bacterial_reference,Faecalibacterium duncaniae,GCA_000162015.1,20,0,,0,0,no_flagged_sites,[]
colibactin,sgclbC_2313,secondary,faecalibacterium_a2_165,gut_bacterial_reference,Faecalibacterium duncaniae,GCA_000162015.1,20,0,,0,0,no_flagged_sites,[]
colibactin,sgclbB_4387,primary,bacteroides_uniformis_8492,gut_bacterial_reference,Bacteroides uniformis,GCA_000154205.1,33,0,,0,0,no_flagged_sites,[]
colibactin,sgclbC_2313,secondary,bacteroides_uniformis_8492,gut_bacterial_reference,Bacteroides uniformis,GCA_000154205.1,33,0,,0,0,no_flagged_sites,[]
colibactin,sgclbB_4387,primary,phocaeicola_vulgatus_8482,gut_bacterial_reference,Phocaeicola vulgatus,GCA_000012825.1,1,0,,0,0,no_flagged_sites,[]
colibactin,sgclbC_2313,secondary,phocaeicola_vulgatus_8482,gut_bacterial_reference,Phocaeicola vulgatus,GCA_000012825.1,1,0,,0,0,no_flagged_sites,[]
colibactin,sgclbB_4387,primary,roseburia_inulinivorans_16841,gut_bacterial_reference,Roseburia inulinivorans,GCA_000174195.1,179,0,,0,0,no_flagged_sites,[]
colibactin,sgclbC_2313,secondary,roseburia_inulinivorans_16841,gut_bacterial_reference,Roseburia inulinivorans,GCA_000174195.1,179,0,,0,0,no_flagged_sites,[]
colibactin,sgclbB_4387,primary,parabacteroides_distasonis_8503,gut_bacterial_reference,Parabacteroides distasonis,GCA_000012845.1,1,0,,0,0,no_flagged_sites,[]
colibactin,sgclbC_2313,secondary,parabacteroides_distasonis_8503,gut_bacterial_reference,Parabacteroides distasonis,GCA_000012845.1,1,0,,0,0,no_flagged_sites,[]
colibactin,sgclbB_4387,primary,bacteroides_thetaiotaomicron_vpi5482,gut_bacterial_reference,Bacteroides thetaiotaomicron,GCA_000011065.1,2,0,,0,0,no_flagged_sites,[]
colibactin,sgclbC_2313,secondary,bacteroides_thetaiotaomicron_vpi5482,gut_bacterial_reference,Bacteroides thetaiotaomicron,GCA_000011065.1,2,0,,0,0,no_flagged_sites,[]
colibactin,sgclbB_4387,primary,bifidobacterium_longum_ncc2705,gut_bacterial_reference,Bifidobacterium longum,GCA_000007525.1,2,0,,0,0,no_flagged_sites,[]
colibactin,sgclbC_2313,secondary,bifidobacterium_longum_ncc2705,gut_bacterial_reference,Bifidobacterium longum,GCA_000007525.1,2,0,,0,0,no_flagged_sites,[]
colibactin,sgclbB_4387,primary,bacteroides_ovatus_8483,gut_bacterial_reference,Bacteroides ovatus,GCA_000154125.1,32,0,,0,0,no_flagged_sites,[]
colibactin,sgclbC_2313,secondary,bacteroides_ovatus_8483,gut_bacterial_reference,Bacteroides ovatus,GCA_000154125.1,32,0,,0,0,no_flagged_sites,[]
colibactin,sgclbB_4387,primary,agathobacter_rectalis_33656,gut_bacterial_reference,Agathobacter rectalis,GCA_000020605.1,1,0,,0,0,no_flagged_sites,[]
colibactin,sgclbC_2313,secondary,agathobacter_rectalis_33656,gut_bacterial_reference,Agathobacter rectalis,GCA_000020605.1,1,0,,0,0,no_flagged_sites,[]
colibactin,sgclbB_4387,primary,roseburia_intestinalis_l1_82,gut_bacterial_reference,Roseburia intestinalis,GCA_000156535.1,102,0,,0,0,no_flagged_sites,[]
colibactin,sgclbC_2313,secondary,roseburia_intestinalis_l1_82,gut_bacterial_reference,Roseburia intestinalis,GCA_000156535.1,102,0,,0,0,no_flagged_sites,[]
colibactin,sgclbB_4387,primary,human_grch38_p14,human_reference,Homo sapiens,GCF_000001405.40,705,0,,0,0,no_flagged_sites,[]
colibactin,sgclbC_2313,secondary,human_grch38_p14,human_reference,Homo sapiens,GCF_000001405.40,705,5,3,0,5,flagged,"[{""record_id"":""NC_000006.12"",""start_1based"":120242998,""strand"":""+"",""pam"":""AGG"",""candidate_spacer_5to3"":""ACTGAATGTACACTTAACAC"",""mismatches"":4,""pam_proximal_seed_exact"":true},{""record_id"":""NC_000009.12"",""start_1based"":130783229,""strand"":""-"",""pam"":""TGG"",""candidate_spacer_5to3"":""ACGAGAGTTACACTTAACAC"",""mismatches"":3,""pam_proximal_seed_exact"":true},{""record_id"":""NC_000013.11"",""start_1based"":49469572,""strand"":""-"",""pam"":""TGG"",""candidate_spacer_5to3"":""TAGAAAGGTTAGCTTAACAC"",""mismatches"":4,""pam_proximal_seed_exact"":true},{""record_id"":""NC_000014.9"",""start_1based"":66980192,""strand"":""+"",""pam"":""AGG"",""candidate_spacer_5to3"":""ACGATAGATTCGCTTAACAC"",""mismatches"":3,""pam_proximal_seed_exact"":true},{""record_id"":""NC_000015.10"",""start_1based"":51007340,""strand"":""-"",""pam"":""AGG"",""candidate_spacer_5to3"":""ACTAAACATACTCTTAACAC"",""mismatches"":4,""pam_proximal_seed_exact"":true}]"
