gene_id,n_outer_selections,n_heldout_evaluable,heldout_crc_enriched_fraction,heldout_median_auc,heldout_median_prevalence_difference,internal_nomination,external_confirmation_status
UniRef90_A0A0E2AL27,10,10,0.8,0.6347365333605386,0.04026535480023852,True,not_yet_assessed
UniRef90_A0A329TH64,10,10,0.8,0.6113508352769003,0.03689548726467329,True,not_yet_assessed
UniRef90_A0A192CAU6,10,10,0.8,0.6083308678169421,0.05218213717857345,True,not_yet_assessed
UniRef90_A0A081TLD1,10,10,0.8,0.5948509339080459,0.05102602602602596,True,not_yet_assessed
UniRef90_W6P8M8,10,10,0.8,0.5944304733727811,0.01225044722719143,True,not_yet_assessed
UniRef90_R5RC53,10,10,0.8,0.5906656804733728,0.019625394625394588,True,not_yet_assessed
UniRef90_R5REJ2,10,10,0.8,0.5879155614500442,0.010218363437132116,True,not_yet_assessed
UniRef90_A0A069DBF6,10,10,0.8,0.5667973372781065,0.029166964080357183,True,not_yet_assessed
UniRef90_H1B745,9,9,0.8888888888888888,0.5503003003003003,0.044642857142857095,True,not_yet_assessed
UniRef90_Q8A4A2,8,8,0.875,0.5803663267304444,0.022810077519379857,True,not_yet_assessed
UniRef90_D6E491,8,8,0.875,0.5673489422934682,0.023351818723911733,True,not_yet_assessed
UniRef90_F7YJA4,8,8,0.75,0.5584565320844722,0.0632020213096478,True,not_yet_assessed
UniRef90_R5U7X9,7,7,1.0,0.5752564102564103,0.029487179487179382,True,not_yet_assessed
UniRef90_A0A1E3UBQ7,7,7,1.0,0.5577334283677833,0.025000000000000022,True,not_yet_assessed
UniRef90_UPI000A0106DD,7,7,0.8571428571428571,0.5548717948717948,0.02322480620155043,True,not_yet_assessed
UniRef90_A0A1E3U585,7,7,0.8571428571428571,0.551025641025641,0.050000000000000044,True,not_yet_assessed
UniRef90_A0A015TGA7,5,5,0.4,0.5977011494252874,-0.006635658914728615,False,not_yet_assessed
UniRef90_R6HMD9,5,5,0.4,0.5647131782945737,-0.00617054263565886,False,not_yet_assessed
UniRef90_A0A174XPU3,5,5,0.4,0.5576923076923077,-0.018015503875968952,False,not_yet_assessed
UniRef90_A0A174ULY2,5,5,0.4,0.5539069767441861,0.0,False,not_yet_assessed
UniRef90_A0A096C9P0,5,5,0.4,0.542953488372093,0.0,False,not_yet_assessed
UniRef90_Q8AAN7,5,5,0.4,0.5390625,0.0,False,not_yet_assessed
UniRef90_K1GFZ0,5,5,0.4,0.5333953488372093,-0.010511627906976684,False,not_yet_assessed
UniRef90_Q5LGR5,5,5,0.4,0.5301724137931034,0.0,False,not_yet_assessed
UniRef90_I9VT34,5,5,0.6,0.49697674418604654,0.008744186046511615,False,not_yet_assessed
UniRef90_Q8A0X7,4,4,0.25,0.581095269672856,-0.013869638869638823,False,not_yet_assessed
UniRef90_K5DFH8,4,4,0.25,0.5806042984424947,-0.028483309143686464,False,not_yet_assessed
UniRef90_A0A0K6BZ65,4,4,0.25,0.5800346867986126,-0.010256410256410275,False,not_yet_assessed
UniRef90_A0A3E5H1E2,4,4,0.25,0.5695767020335986,-0.021267421267421316,False,not_yet_assessed
UniRef90_D4VQH3,4,4,0.25,0.5680494626946881,-0.013869638869638823,False,not_yet_assessed
UniRef90_E1WWW7,4,4,0.25,0.5647508161599673,-0.02990197244759568,False,not_yet_assessed
UniRef90_I9RD05,4,4,0.25,0.561961813994079,-0.01254946981052768,False,not_yet_assessed
UniRef90_A0A0P0FEI0,4,4,0.25,0.5615924471196354,-0.013869638869638823,False,not_yet_assessed
UniRef90_A0A174LXZ3,4,4,0.25,0.5611864925525403,-0.010256410256410275,False,not_yet_assessed
UniRef90_K1GB77,4,4,0.25,0.5595647997007414,-0.02348502348502346,False,not_yet_assessed
UniRef90_Q8A5V6,4,4,0.25,0.5586189893219071,-0.013869638869638823,False,not_yet_assessed
UniRef90_Q5LIJ3,4,4,0.25,0.5569356593892403,-0.010719771495633579,False,not_yet_assessed
UniRef90_R6JIG2,4,4,0.25,0.5553968577841257,-0.02348502348502346,False,not_yet_assessed
UniRef90_A0A374W8G2,4,4,0.25,0.5552781582784676,-0.004948963810702145,False,not_yet_assessed
UniRef90_Q5LHS7,4,4,0.25,0.5549290044482352,-0.04235966735966734,False,not_yet_assessed
UniRef90_C3QHA8,4,4,0.25,0.5538559307624294,-0.04271579271579273,False,not_yet_assessed
UniRef90_R5U8M7,4,4,0.25,0.5534691049445691,-0.013869638869638823,False,not_yet_assessed
UniRef90_A0A396DXP6,4,4,0.25,0.5525466741481331,-0.008217268993131077,False,not_yet_assessed
UniRef90_U2E1W9,4,4,0.25,0.5521109637488948,-0.02990197244759568,False,not_yet_assessed
UniRef90_A0A3E5DY27,4,4,0.25,0.5520064085214971,-0.029539127745128346,False,not_yet_assessed
UniRef90_Q8A255,4,4,0.25,0.550895225464191,-0.02990197244759568,False,not_yet_assessed
UniRef90_A0A396BUW3,4,4,0.25,0.5499579167516833,-0.04661392161392164,False,not_yet_assessed
UniRef90_A0A174M1S5,4,4,0.25,0.5492627743755685,-0.003711722858026567,False,not_yet_assessed
UniRef90_Q89ZV6,4,4,0.25,0.5462299360674692,-0.021523828784886567,False,not_yet_assessed
UniRef90_Q8A7Z6,4,4,0.25,0.5454966673468,-0.013869638869638823,False,not_yet_assessed
UniRef90_R5U6R9,4,4,0.25,0.5438260899136231,-0.010256410256410275,False,not_yet_assessed
UniRef90_Q5LDK8,4,4,0.25,0.5424105624702442,-0.02348502348502346,False,not_yet_assessed
UniRef90_A0A143WWX7,4,4,0.25,0.542170902014652,-0.009615384615384637,False,not_yet_assessed
UniRef90_A0A0K6BT56,4,4,0.25,0.5409248203719357,-0.004254254254254242,False,not_yet_assessed
UniRef90_A0A3E4UZ17,4,4,0.25,0.5337427325581395,-0.01350775193798448,False,not_yet_assessed
UniRef90_C9KR75,4,4,0.25,0.531253301986475,-0.05182337509923718,False,not_yet_assessed
UniRef90_C6IIK9,4,4,0.25,0.5296856933959055,-0.035807359083221135,False,not_yet_assessed
UniRef90_A0A174BG28,4,4,0.25,0.5259088281303136,-0.013869638869638823,False,not_yet_assessed
UniRef90_Q8AAP2,4,4,0.25,0.5258652570903898,-0.021705251136120263,False,not_yet_assessed
UniRef90_R6VDS6,4,4,0.75,0.5232435344827586,0.027003599114064247,False,not_yet_assessed
UniRef90_A0A3E5DM19,4,4,0.75,0.5162734980620155,0.005423609656167838,False,not_yet_assessed
UniRef90_G9YSZ3,4,4,0.25,0.5138650412087912,-0.029539127745128346,False,not_yet_assessed
UniRef90_A0A158T0E6,4,4,0.25,0.4582867482867483,-0.03350850850850845,False,not_yet_assessed
UniRef90_R5UTP4,3,3,0.0,0.6371371371371372,-0.00350350350350348,False,not_yet_assessed
UniRef90_A0A015P063,3,3,0.0,0.5887573964497042,-0.03125,False,not_yet_assessed
UniRef90_S2Z0L4,3,3,0.0,0.5724852071005917,-0.008508508508508483,False,not_yet_assessed
UniRef90_R5JBH5,3,3,0.0,0.5502873563218391,-0.0580357142857143,False,not_yet_assessed
UniRef90_C5ERC9,3,3,0.6666666666666666,0.5446953294154037,0.016248062015503884,False,not_yet_assessed
UniRef90_A0A1E3UBT2,3,3,0.6666666666666666,0.539375,0.020248062015503887,False,not_yet_assessed
UniRef90_R8VZS7,3,3,0.3333333333333333,0.5269970414201184,-0.0007751937984495916,False,not_yet_assessed
UniRef90_A8RVW8,3,3,1.0,0.5172403100775194,0.011444478812248748,False,not_yet_assessed
UniRef90_A6P027,3,3,0.3333333333333333,0.49724806201550387,0.0,False,not_yet_assessed
UniRef90_A7LT91,3,3,0.3333333333333333,0.492816091954023,-0.037735849056603765,False,not_yet_assessed
UniRef90_A0A397WMH6,3,3,0.3333333333333333,0.4918682170542636,-0.025000000000000022,False,not_yet_assessed
UniRef90_F4XER6,3,3,1.0,0.49,0.038461538461538436,False,not_yet_assessed
UniRef90_D4JXR4,3,3,1.0,0.4818786982248521,0.019230769230769162,False,not_yet_assessed
UniRef90_A0A395WC15,3,3,1.0,0.48010077519379846,0.016620155038759687,False,not_yet_assessed
UniRef90_A0A0P0F0H3,3,3,0.3333333333333333,0.47270114942528735,-0.054597701149425304,False,not_yet_assessed
UniRef90_A0A174LYQ7,3,3,0.3333333333333333,0.45545977011494254,-0.07692307692307698,False,not_yet_assessed
UniRef90_Q8A2N7,3,3,0.3333333333333333,0.4425287356321839,-0.07692307692307698,False,not_yet_assessed
UniRef90_H1CHY2,3,3,0.0,0.4382183908045977,-0.019230769230769162,False,not_yet_assessed
UniRef90_A8RVT2,3,3,0.3333333333333333,0.421875,0.0,False,not_yet_assessed
UniRef90_A0A329U7R9,2,2,0.0,0.5900554187192119,-0.04813218390804602,False,not_yet_assessed
UniRef90_D3AFU1,2,2,0.0,0.5891224431573803,-0.021342406433652927,False,not_yet_assessed
UniRef90_R5RCI1,2,2,0.0,0.5787157951377895,-0.050188560279806727,False,not_yet_assessed
UniRef90_A0A174RP44,2,2,0.0,0.5782822002939363,-0.02866473149492016,False,not_yet_assessed
UniRef90_U6RJK9,2,2,0.0,0.5748191038422188,-0.02046801018344474,False,not_yet_assessed
UniRef90_A0A3E2B0H7,2,2,0.0,0.569055316091954,-0.051724137931034475,False,not_yet_assessed
UniRef90_C3QN29,2,2,0.0,0.5653027522662923,-0.05660377358490565,False,not_yet_assessed
UniRef90_R6JAK6,2,2,0.0,0.5651934813324866,-0.04464774322491616,False,not_yet_assessed
UniRef90_Q5LCA5,2,2,0.0,0.5641245650896725,-0.031320635751504844,False,not_yet_assessed
UniRef90_C9KVB5,2,2,0.0,0.5637080312561082,-0.02348502348502346,False,not_yet_assessed
UniRef90_G2T4T7,2,2,0.0,0.559838105500821,-0.03448275862068967,False,not_yet_assessed
UniRef90_R6JMK7,2,2,0.0,0.5538877107853291,-0.060820409026409616,False,not_yet_assessed
UniRef90_Q8A6A7,2,2,0.0,0.5438983732252962,-0.046970046970046975,False,not_yet_assessed
UniRef90_D7J3P2,2,2,0.0,0.5404196726312112,-0.030597905597905595,False,not_yet_assessed
UniRef90_G9RUW2,2,2,1.0,0.5379985465116279,0.01862403100775195,False,not_yet_assessed
UniRef90_A0A174BL52,2,2,0.0,0.5350232558139535,-0.017383720930232494,False,not_yet_assessed
UniRef90_R6KB72,2,2,1.0,0.5340092054263565,0.046120155038759714,False,not_yet_assessed
UniRef90_Q8A011,2,2,1.0,0.532000484496124,0.027434108527131795,False,not_yet_assessed
UniRef90_R5APM6,2,2,0.0,0.5309164614121511,-0.03089080459770116,False,not_yet_assessed
UniRef90_A0A174QQF0,2,2,1.0,0.5301133720930232,0.02974418604651169,False,not_yet_assessed
UniRef90_A0A0D8IWR5,2,2,0.0,0.5299922564073507,-0.03077636869780387,False,not_yet_assessed
UniRef90_A0A3A9BDB1,2,2,0.0,0.5294057872738664,-0.021299777138007903,False,not_yet_assessed
UniRef90_T4C1L2,2,2,0.0,0.5282963102857551,-0.010671203216826464,False,not_yet_assessed
UniRef90_A0A174G5R7,2,2,1.0,0.5256002906976744,0.02305813953488378,False,not_yet_assessed
UniRef90_A0A374P4M0,2,2,1.0,0.521641472868217,0.07481007751937985,False,not_yet_assessed
UniRef90_A0A0D8IWP6,2,2,1.0,0.5157455532455533,0.048733348733348725,False,not_yet_assessed
UniRef90_A0A0A2FIM1,2,2,0.0,0.5141349321705426,-0.014449612403100776,False,not_yet_assessed
UniRef90_A0A174Y457,2,2,1.0,0.5128243628243628,0.04122584122584122,False,not_yet_assessed
UniRef90_A0A351IYV7,2,2,0.5,0.5113556201550388,0.010841085271317816,False,not_yet_assessed
UniRef90_A0A0S2W3X4,2,2,0.0,0.5112475345167653,-0.009615384615384637,False,not_yet_assessed
UniRef90_Q5L923,2,2,0.5,0.5096726190476191,-0.05110837438423649,False,not_yet_assessed
UniRef90_A8RVR6,2,2,1.0,0.508953003875969,0.054372093023255796,False,not_yet_assessed
UniRef90_U2QIN0,2,2,0.0,0.5081716954022988,-0.051364942528735635,False,not_yet_assessed
UniRef90_D3AFY1,2,2,0.0,0.507110465116279,-0.0018139534883720998,False,not_yet_assessed
UniRef90_A0A3E4JRE0,2,2,1.0,0.5006390503875969,0.04999612403100773,False,not_yet_assessed
UniRef90_Q8A0H8,2,2,0.0,0.4990827688834154,-0.0339952791461412,False,not_yet_assessed
UniRef90_A7AXY2,2,2,0.0,0.4967522424992267,-0.0348848155569601,False,not_yet_assessed
UniRef90_D1PK04,2,2,1.0,0.49425540925540923,0.03446908446908442,False,not_yet_assessed
UniRef90_A0A139KHM2,2,2,0.5,0.4934767549261084,-0.05110837438423649,False,not_yet_assessed
UniRef90_I8V4S7,2,2,1.0,0.4931104651162791,0.04999612403100773,False,not_yet_assessed
UniRef90_C7H8R2,2,2,1.0,0.49233810733810734,0.010695310695310656,False,not_yet_assessed
UniRef90_B2PX02,2,2,0.0,0.4910028524604433,-0.009429600662672621,False,not_yet_assessed
UniRef90_R6JSF5,2,2,0.0,0.4909367302955665,-0.059292898193760324,False,not_yet_assessed
UniRef90_W4PLW4,2,2,0.0,0.4891535816912972,-0.08235837438423649,False,not_yet_assessed
UniRef90_Q5L7Q8,2,2,0.0,0.48781942733990147,-0.08012623152709364,False,not_yet_assessed
UniRef90_C7H649,2,2,0.0,0.4872485207100592,-0.01794871794871794,False,not_yet_assessed
UniRef90_R5UTQ0,2,2,0.0,0.4864916871921182,-0.034867610837438445,False,not_yet_assessed
UniRef90_A0A176U5P3,2,2,0.0,0.4826303366174056,-0.05657327586206895,False,not_yet_assessed
UniRef90_Q8A767,2,2,0.5,0.4823994252873563,-0.02357861247947457,False,not_yet_assessed
UniRef90_A0A139TAG2,2,2,0.0,0.4812256260262726,-0.01762623152709364,False,not_yet_assessed
UniRef90_C5ER99,2,2,1.0,0.48080910852713177,0.02250000000000002,False,not_yet_assessed
UniRef90_E7GME2,2,2,0.0,0.48028273809523814,-0.03089080459770116,False,not_yet_assessed
UniRef90_A0A1E3AZP4,2,2,0.5,0.4791952519379845,0.004062015503875971,False,not_yet_assessed
UniRef90_A0A1Q6HKH0,2,2,0.0,0.4755875410509031,-0.07430213464696228,False,not_yet_assessed
UniRef90_A0A2N5NXF3,2,2,0.0,0.4746416035718608,-0.02154076843421776,False,not_yet_assessed
UniRef90_R5MMU2,2,2,0.0,0.4734387828407225,-0.07566194581280788,False,not_yet_assessed
UniRef90_K1FAD2,2,2,0.5,0.4709672965116279,0.024558139534883727,False,not_yet_assessed
UniRef90_R6E8V6,2,2,0.0,0.4644588977832512,-0.08012623152709364,False,not_yet_assessed
UniRef90_A0A1G8DID3,2,2,0.0,0.46374050697865354,-0.059292898193760324,False,not_yet_assessed
UniRef90_A0A396CIN6,2,2,0.0,0.46219468390804597,-0.05854885057471265,False,not_yet_assessed
UniRef90_A0A0P0FMY7,2,2,0.5,0.4597508723316913,0.00767138752052543,False,not_yet_assessed
UniRef90_Q8A2B0,2,2,0.0,0.4579741379310345,-0.07789408866995079,False,not_yet_assessed
UniRef90_A0A397WFR9,2,2,0.0,0.4553956280788177,-0.09662356321839083,False,not_yet_assessed
UniRef90_D4K6N1,2,2,0.0,0.4527629533576023,-0.058482040178606864,False,not_yet_assessed
UniRef90_F7LTX8,2,2,0.0,0.4502899220032841,-0.11224856321839083,False,not_yet_assessed
UniRef90_C9KYU1,2,2,0.5,0.4460950328407225,-0.00795361247947457,False,not_yet_assessed
UniRef90_A0A0K6BWB8,2,2,0.0,0.4452611863711001,-0.09662356321839083,False,not_yet_assessed
UniRef90_A0A174U258,2,2,0.0,0.44323429802955666,-0.07579022988505746,False,not_yet_assessed
UniRef90_K1FSS9,2,2,0.0,0.4407199302134647,-0.08099856321839083,False,not_yet_assessed
UniRef90_D6DDN4,2,2,0.0,0.43866738505747127,-0.04813218390804602,False,not_yet_assessed
UniRef90_A0A139TCP8,2,2,0.0,0.4305630387931034,-0.1152247536945813,False,not_yet_assessed
UniRef90_W6PL08,2,2,0.0,0.4291871921182266,-0.06896551724137934,False,not_yet_assessed
UniRef90_A0A0F0C824,2,2,0.0,0.42797490763546797,-0.04094827586206895,False,not_yet_assessed
UniRef90_Q5LBQ4,2,2,0.0,0.4202265496715928,-0.08459051724137934,False,not_yet_assessed
UniRef90_R6K753,2,2,0.0,0.41761596880131363,-0.08235837438423649,False,not_yet_assessed
UniRef90_A0A0K6BQY7,2,2,0.0,0.41730167282430214,-0.06896551724137934,False,not_yet_assessed
UniRef90_G9RSP7,2,2,0.0,0.4066476806239737,-0.06896551724137934,False,not_yet_assessed
UniRef90_U2QN46,2,2,0.0,0.40169591543513955,-0.06896551724137934,False,not_yet_assessed
UniRef90_A8RVW4,2,2,0.0,0.35895166256157635,-0.06896551724137934,False,not_yet_assessed
UniRef90_C6IGG8,1,1,0.0,0.6303742653881843,-0.018867924528301883,False,not_yet_assessed
UniRef90_R6JD81,1,1,0.0,0.6023816888339004,-0.04021033096195481,False,not_yet_assessed
UniRef90_H1CG88,1,1,0.0,0.584319526627219,-0.019230769230769162,False,not_yet_assessed
UniRef90_F7LVW4,1,1,0.0,0.5691308382307454,-0.08536962573461182,False,not_yet_assessed
UniRef90_D4KU18,1,1,0.0,0.554283946798639,-0.042684812867305855,False,not_yet_assessed
UniRef90_A0A139L6J7,1,1,0.0,0.5541791791791791,-0.02202202202202208,False,not_yet_assessed
UniRef90_A0A0N7IAI2,1,1,0.0,0.5495562130177515,-0.07692307692307698,False,not_yet_assessed
UniRef90_R6JR19,1,1,0.0,0.547707100591716,-0.07692307692307698,False,not_yet_assessed
UniRef90_A0A139KLM2,1,1,0.0,0.5446953294154037,-0.0049489638107020895,False,not_yet_assessed
UniRef90_A5ZKA2,1,1,0.0,0.5436390532544378,-0.07692307692307698,False,not_yet_assessed
UniRef90_R6JIX7,1,1,0.0,0.540680473372781,-0.07692307692307698,False,not_yet_assessed
UniRef90_U2E0C4,1,1,0.0,0.540680473372781,-0.07692307692307698,False,not_yet_assessed
UniRef90_C9KYC3,1,1,0.0,0.5395710059171598,-0.07692307692307698,False,not_yet_assessed
UniRef90_R6RQF5,1,1,0.0,0.5392011834319527,-0.07692307692307698,False,not_yet_assessed
UniRef90_R6J9C5,1,1,0.0,0.5388313609467456,-0.07692307692307698,False,not_yet_assessed
UniRef90_R6JPW2,1,1,0.0,0.5384615384615384,-0.05769230769230771,False,not_yet_assessed
UniRef90_R7KUM4,1,1,0.0,0.5355029585798816,-0.019230769230769273,False,not_yet_assessed
UniRef90_W6P901,1,1,0.0,0.5351331360946746,-0.05769230769230771,False,not_yet_assessed
UniRef90_A0A174J813,1,1,0.0,0.5345784023668639,-0.07692307692307687,False,not_yet_assessed
UniRef90_A0A3E3DDI7,1,1,0.0,0.5344880915558305,-0.0049489638107020895,False,not_yet_assessed
UniRef90_R6SVV9,1,1,0.0,0.5340236686390533,-0.07692307692307698,False,not_yet_assessed
UniRef90_R6W1P0,1,1,0.0,0.5336538461538461,-0.05769230769230771,False,not_yet_assessed
UniRef90_R6D7Z6,1,1,0.0,0.5299556213017751,-0.07692307692307698,False,not_yet_assessed
UniRef90_D7J831,1,1,0.0,0.5286111970306218,-0.05907825549025669,False,not_yet_assessed
UniRef90_D0TNB9,1,1,0.0,0.5284763313609467,-0.05769230769230771,False,not_yet_assessed
UniRef90_A0A1Y4VQ01,1,1,0.0,0.5281065088757396,-0.05769230769230771,False,not_yet_assessed
UniRef90_A0A139K7B2,1,1,0.0,0.5277366863905325,-0.07692307692307698,False,not_yet_assessed
UniRef90_F0TH24,1,1,0.0,0.5274358974358975,-0.017948717948717996,False,not_yet_assessed
UniRef90_A0A0P0F8B5,1,1,0.0,0.5266272189349113,-0.07692307692307698,False,not_yet_assessed
UniRef90_R6K519,1,1,0.0,0.5255177514792899,-0.07692307692307698,False,not_yet_assessed
UniRef90_R7KXS5,1,1,0.0,0.5251479289940828,-0.07692307692307698,False,not_yet_assessed
UniRef90_Q8A375,1,1,0.0,0.5244082840236687,-0.07692307692307698,False,not_yet_assessed
UniRef90_A0A374P2P0,1,1,0.0,0.5153108567893597,-0.06155273739560774,False,not_yet_assessed
UniRef90_A0A395WMA6,1,1,0.0,0.5114644970414202,-0.0576923076923076,False,not_yet_assessed
UniRef90_A0A174CAP2,1,1,0.0,0.5071794871794871,0.0,False,not_yet_assessed
UniRef90_D4JXR3,1,1,0.0,0.5061538461538462,0.0,False,not_yet_assessed
UniRef90_A8RVS5,1,1,0.0,0.5043303433343643,-0.0451592947726569,False,not_yet_assessed
UniRef90_C7H8N4,1,1,0.0,0.49948717948717947,0.0,False,not_yet_assessed
UniRef90_B0NBI7,1,1,0.0,0.47788431797092484,-0.023816888339003972,False,not_yet_assessed
UniRef90_A0A0S2W2P8,1,1,0.0,0.4530325443786982,-0.05769230769230771,False,not_yet_assessed
UniRef90_A6NXR1,1,1,0.0,0.45205128205128203,-0.0012820512820513885,False,not_yet_assessed
