cohort,gene_id,n_samples,n_nonzero,total_abundance
FengQ_2015,UniRef90_P19337,107,17,8.801653e-06
ThomasAM_2018a,UniRef90_P19337,53,3,2.438985e-06
ThomasAM_2018b,UniRef90_P19337,60,6,3.158857e-06
ThomasAM_2019_c,UniRef90_P19337,80,10,5.0902844e-06
VogtmannE_2016,UniRef90_P19337,104,12,3.929296e-06
WirbelJ_2018,UniRef90_P19337,125,8,3.6633509e-06
YachidaS_2019,UniRef90_P19337,508,67,2.83463896e-05
YuJ_2015,UniRef90_P19337,128,22,1.96808777e-05
ZellerG_2014,UniRef90_P19337,114,11,4.5793687e-06
FengQ_2015,UniRef90_P19409,107,11,5.401757e-06
ThomasAM_2018a,UniRef90_P19409,53,2,3.043914e-07
ThomasAM_2018b,UniRef90_P19409,60,3,1.727137e-06
ThomasAM_2019_c,UniRef90_P19409,80,10,3.6064466e-06
VogtmannE_2016,UniRef90_P19409,104,6,1.990933e-06
WirbelJ_2018,UniRef90_P19409,125,4,3.107873e-06
YachidaS_2019,UniRef90_P19409,508,57,1.97486369e-05
YuJ_2015,UniRef90_P19409,128,22,1.53924316e-05
ZellerG_2014,UniRef90_P19409,114,9,4.737602e-06
FengQ_2015,UniRef90_P19410,107,12,5.830092e-06
ThomasAM_2018a,UniRef90_P19410,53,2,2.707932e-07
ThomasAM_2018b,UniRef90_P19410,60,5,2.214145e-06
ThomasAM_2019_c,UniRef90_P19410,80,10,4.298777e-06
VogtmannE_2016,UniRef90_P19410,104,7,2.017638e-06
WirbelJ_2018,UniRef90_P19410,125,6,3.436851e-06
YachidaS_2019,UniRef90_P19410,508,62,1.9138224e-05
YuJ_2015,UniRef90_P19410,128,20,1.6917794e-05
ZellerG_2014,UniRef90_P19410,114,10,4.900358e-06
FengQ_2015,UniRef90_P19412,107,14,6.871832e-06
ThomasAM_2018b,UniRef90_P19412,60,5,2.700804e-06
ThomasAM_2019_c,UniRef90_P19412,80,10,4.0386385e-06
VogtmannE_2016,UniRef90_P19412,104,7,2.5592981e-06
WirbelJ_2018,UniRef90_P19412,125,8,2.9650121e-06
YachidaS_2019,UniRef90_P19412,508,57,2.12647292e-05
YuJ_2015,UniRef90_P19412,128,19,1.8807409e-05
ZellerG_2014,UniRef90_P19412,114,8,4.3206026e-06
FengQ_2015,UniRef90_P19413,107,15,6.650229e-06
ThomasAM_2018b,UniRef90_P19413,60,6,3.296413e-06
ThomasAM_2019_c,UniRef90_P19413,80,12,5.934248e-06
VogtmannE_2016,UniRef90_P19413,104,10,2.5473311e-06
WirbelJ_2018,UniRef90_P19413,125,8,3.7600931e-06
YachidaS_2019,UniRef90_P19413,508,64,2.54996123e-05
YuJ_2015,UniRef90_P19413,128,21,1.7079844e-05
ZellerG_2014,UniRef90_P19413,114,10,5.225618e-06
FengQ_2015,UniRef90_P32370,107,16,7.220327e-06
GuptaA_2019,UniRef90_P32370,60,2,3.39218e-06
ThomasAM_2018a,UniRef90_P32370,53,2,3.70391e-07
ThomasAM_2018b,UniRef90_P32370,60,6,2.8564366e-06
ThomasAM_2019_c,UniRef90_P32370,80,11,4.4488983e-06
VogtmannE_2016,UniRef90_P32370,104,7,1.914042e-06
WirbelJ_2018,UniRef90_P32370,125,9,4.5785116e-06
YachidaS_2019,UniRef90_P32370,508,68,2.18556602e-05
YuJ_2015,UniRef90_P32370,128,21,1.7030277e-05
ZellerG_2014,UniRef90_P32370,114,10,4.497639e-06
ThomasAM_2018b,UniRef90_P54355,60,5,7.305127e-06
ThomasAM_2019_c,UniRef90_P54355,80,4,1.344448e-05
VogtmannE_2016,UniRef90_P54355,104,12,4.5121233e-05
WirbelJ_2018,UniRef90_P54355,125,6,3.025258e-06
YachidaS_2019,UniRef90_P54355,508,30,7.5529989e-05
YuJ_2015,UniRef90_P54355,128,3,1.35364e-05
ZellerG_2014,UniRef90_P54355,114,11,1.9798189e-05
FengQ_2015,UniRef90_Q0P7J0,107,11,1.3727559e-05
ThomasAM_2018a,UniRef90_Q0P7J0,53,7,6.5432134e-06
ThomasAM_2018b,UniRef90_Q0P7J0,60,9,5.8818949e-05
ThomasAM_2019_c,UniRef90_Q0P7J0,80,11,6.8376417e-06
VogtmannE_2016,UniRef90_Q0P7J0,104,6,8.243157e-06
WirbelJ_2018,UniRef90_Q0P7J0,125,7,6.911863e-06
YachidaS_2019,UniRef90_Q0P7J0,508,73,0.0001732072365
YuJ_2015,UniRef90_Q0P7J0,128,18,4.6179838e-05
ZellerG_2014,UniRef90_Q0P7J0,114,18,6.6203285e-05
FengQ_2015,UniRef90_Q0P7J1,107,12,1.2400153e-05
ThomasAM_2018a,UniRef90_Q0P7J1,53,6,9.025335e-06
ThomasAM_2018b,UniRef90_Q0P7J1,60,12,0.000116041998
ThomasAM_2019_c,UniRef90_Q0P7J1,80,10,9.433783e-06
VogtmannE_2016,UniRef90_Q0P7J1,104,7,7.441139e-06
WirbelJ_2018,UniRef90_Q0P7J1,125,7,8.663028e-06
YachidaS_2019,UniRef90_Q0P7J1,508,71,0.0002492275489
YuJ_2015,UniRef90_Q0P7J1,128,12,4.9424487e-05
ZellerG_2014,UniRef90_Q0P7J1,114,18,7.5912401e-05
FengQ_2015,UniRef90_Q0P7J2,107,14,5.5983535e-06
GuptaA_2019,UniRef90_Q0P7J2,60,2,1.073872e-06
ThomasAM_2018a,UniRef90_Q0P7J2,53,6,4.307113e-06
ThomasAM_2018b,UniRef90_Q0P7J2,60,10,3.0344284e-05
ThomasAM_2019_c,UniRef90_Q0P7J2,80,10,3.9387871e-06
VogtmannE_2016,UniRef90_Q0P7J2,104,5,1.05286666e-05
WirbelJ_2018,UniRef90_Q0P7J2,125,9,6.2514707e-06
YachidaS_2019,UniRef90_Q0P7J2,508,71,9.62517115e-05
YuJ_2015,UniRef90_Q0P7J2,128,16,2.93507829e-05
ZellerG_2014,UniRef90_Q0P7J2,114,15,1.98114954e-05
FengQ_2015,UniRef90_Q0P7J3,107,13,4.3768292e-06
GuptaA_2019,UniRef90_Q0P7J3,60,2,7.17035e-07
ThomasAM_2018a,UniRef90_Q0P7J3,53,6,3.730772e-06
ThomasAM_2018b,UniRef90_Q0P7J3,60,9,2.13264442e-05
ThomasAM_2019_c,UniRef90_Q0P7J3,80,11,3.2526562e-06
VogtmannE_2016,UniRef90_Q0P7J3,104,4,1.38402096e-05
WirbelJ_2018,UniRef90_Q0P7J3,125,9,4.5137465e-06
YachidaS_2019,UniRef90_Q0P7J3,508,67,0.0001009458076
YuJ_2015,UniRef90_Q0P7J3,128,15,2.2748014e-05
ZellerG_2014,UniRef90_Q0P7J3,114,17,1.28328451e-05
FengQ_2015,UniRef90_Q0P7J4,107,12,1.065186e-05
ThomasAM_2018a,UniRef90_Q0P7J4,53,6,1.0422469e-05
ThomasAM_2018b,UniRef90_Q0P7J4,60,10,6.6767903e-05
ThomasAM_2019_c,UniRef90_Q0P7J4,80,10,7.765693e-06
VogtmannE_2016,UniRef90_Q0P7J4,104,4,2.231101e-05
WirbelJ_2018,UniRef90_Q0P7J4,125,9,8.446737e-06
YachidaS_2019,UniRef90_Q0P7J4,508,75,0.0002079672496
YuJ_2015,UniRef90_Q0P7J4,128,16,4.7901034e-05
ZellerG_2014,UniRef90_Q0P7J4,114,18,4.79930808e-05
FengQ_2015,UniRef90_Q0P7J5,107,10,8.957905e-06
ThomasAM_2018a,UniRef90_Q0P7J5,53,6,4.893404e-06
ThomasAM_2018b,UniRef90_Q0P7J5,60,6,4.1674467e-05
ThomasAM_2019_c,UniRef90_Q0P7J5,80,14,9.555586e-06
VogtmannE_2016,UniRef90_Q0P7J5,104,4,2.5787421e-05
WirbelJ_2018,UniRef90_Q0P7J5,125,8,7.957279e-06
YachidaS_2019,UniRef90_Q0P7J5,508,71,0.0002344543741
YuJ_2015,UniRef90_Q0P7J5,128,13,3.9577626e-05
ZellerG_2014,UniRef90_Q0P7J5,114,15,4.9418088e-05
FengQ_2015,UniRef90_Q0P7J6,107,13,6.8016671e-06
GuptaA_2019,UniRef90_Q0P7J6,60,2,1.460536e-06
ThomasAM_2018a,UniRef90_Q0P7J6,53,6,4.475722e-06
ThomasAM_2018b,UniRef90_Q0P7J6,60,9,2.8154239e-05
ThomasAM_2019_c,UniRef90_Q0P7J6,80,8,2.9453504e-06
VogtmannE_2016,UniRef90_Q0P7J6,104,4,1.1647759e-05
WirbelJ_2018,UniRef90_Q0P7J6,125,7,6.103001e-06
YachidaS_2019,UniRef90_Q0P7J6,508,71,0.0001026775853
YuJ_2015,UniRef90_Q0P7J6,128,16,3.3162048e-05
ZellerG_2014,UniRef90_Q0P7J6,114,15,2.1672921e-05
FengQ_2015,UniRef90_Q0P7J7,107,12,1.1570819e-05
GuptaA_2019,UniRef90_Q0P7J7,60,2,9.03908e-07
ThomasAM_2018a,UniRef90_Q0P7J7,53,6,8.68244e-06
ThomasAM_2018b,UniRef90_Q0P7J7,60,10,5.0825145e-05
ThomasAM_2019_c,UniRef90_Q0P7J7,80,10,6.5662082e-06
VogtmannE_2016,UniRef90_Q0P7J7,104,4,1.9005289e-05
WirbelJ_2018,UniRef90_Q0P7J7,125,10,1.2970916e-05
YachidaS_2019,UniRef90_Q0P7J7,508,67,0.0001644096879
YuJ_2015,UniRef90_Q0P7J7,128,18,6.0697268e-05
ZellerG_2014,UniRef90_Q0P7J7,114,17,3.6748568e-05
FengQ_2015,UniRef90_Q0P7J9,107,15,1.0522341e-05
GuptaA_2019,UniRef90_Q0P7J9,60,2,9.14606e-07
ThomasAM_2018a,UniRef90_Q0P7J9,53,6,7.036943e-06
ThomasAM_2018b,UniRef90_Q0P7J9,60,9,4.3562346e-05
ThomasAM_2019_c,UniRef90_Q0P7J9,80,11,5.9090075e-06
VogtmannE_2016,UniRef90_Q0P7J9,104,5,1.3253249e-05
WirbelJ_2018,UniRef90_Q0P7J9,125,10,1.2335338e-05
YachidaS_2019,UniRef90_Q0P7J9,508,69,0.0001217134332
YuJ_2015,UniRef90_Q0P7J9,128,15,5.57086e-05
ZellerG_2014,UniRef90_Q0P7J9,114,18,3.7013107e-05
FengQ_2015,UniRef90_Q0P7K3,107,16,1.4199143e-05
GuptaA_2019,UniRef90_Q0P7K3,60,7,1.3811337e-05
ThomasAM_2018a,UniRef90_Q0P7K3,53,8,1.1920418e-05
ThomasAM_2018b,UniRef90_Q0P7K3,60,11,6.5692359e-05
ThomasAM_2019_c,UniRef90_Q0P7K3,80,13,8.6155741e-06
VogtmannE_2016,UniRef90_Q0P7K3,104,8,1.9738668e-05
WirbelJ_2018,UniRef90_Q0P7K3,125,12,1.3614542e-05
YachidaS_2019,UniRef90_Q0P7K3,508,89,0.0001866868156
YuJ_2015,UniRef90_Q0P7K3,128,26,7.20022634e-05
ZellerG_2014,UniRef90_Q0P7K3,114,19,4.28590607e-05
FengQ_2015,UniRef90_Q0P7K4,107,14,4.6227181e-06
GuptaA_2019,UniRef90_Q0P7K4,60,2,1.592501e-06
ThomasAM_2018a,UniRef90_Q0P7K4,53,6,3.848622e-06
ThomasAM_2018b,UniRef90_Q0P7K4,60,10,2.2369826e-05
ThomasAM_2019_c,UniRef90_Q0P7K4,80,10,3.1382791e-06
VogtmannE_2016,UniRef90_Q0P7K4,104,5,1.52059634e-05
WirbelJ_2018,UniRef90_Q0P7K4,125,9,4.662095e-06
YachidaS_2019,UniRef90_Q0P7K4,508,70,0.0001048101161
YuJ_2015,UniRef90_Q0P7K4,128,15,2.42431766e-05
ZellerG_2014,UniRef90_Q0P7K4,114,17,1.43227765e-05
FengQ_2015,UniRef90_Q0P7K6,107,13,1.2102748e-05
GuptaA_2019,UniRef90_Q0P7K6,60,2,2.04344e-06
ThomasAM_2018a,UniRef90_Q0P7K6,53,6,9.442548e-06
ThomasAM_2018b,UniRef90_Q0P7K6,60,10,5.7323511e-05
ThomasAM_2019_c,UniRef90_Q0P7K6,80,11,6.409952e-06
VogtmannE_2016,UniRef90_Q0P7K6,104,5,1.9088026e-05
WirbelJ_2018,UniRef90_Q0P7K6,125,9,1.18480241e-05
YachidaS_2019,UniRef90_Q0P7K6,508,74,0.0001595993332
YuJ_2015,UniRef90_Q0P7K6,128,16,5.8141767e-05
ZellerG_2014,UniRef90_Q0P7K6,114,16,4.5425519e-05
FengQ_2015,UniRef90_Q0P7K7,107,14,1.29081822e-05
GuptaA_2019,UniRef90_Q0P7K7,60,2,1.994477e-06
ThomasAM_2018a,UniRef90_Q0P7K7,53,6,1.0143509e-05
ThomasAM_2018b,UniRef90_Q0P7K7,60,11,7.7178138e-05
ThomasAM_2019_c,UniRef90_Q0P7K7,80,12,1.00583e-05
VogtmannE_2016,UniRef90_Q0P7K7,104,5,2.3496733e-05
WirbelJ_2018,UniRef90_Q0P7K7,125,9,9.261559e-06
YachidaS_2019,UniRef90_Q0P7K7,508,75,0.0002267275916
YuJ_2015,UniRef90_Q0P7K7,128,15,5.7114069e-05
ZellerG_2014,UniRef90_Q0P7K7,114,16,4.8084899e-05
VogtmannE_2016,UniRef90_Q9K2V3,104,6,4.314265e-06
WirbelJ_2018,UniRef90_Q9K2V3,125,2,4.9287721e-07
YachidaS_2019,UniRef90_Q9K2V3,508,13,1.65244975e-05
