sample_id,cohort,y_true,y_prob
SID31004,FengQ_2015,1,0.20624491572380066
SID31009,FengQ_2015,0,0.030976321548223495
SID31021,FengQ_2015,0,0.06506170332431793
SID31071,FengQ_2015,0,0.2260776311159134
SID31112,FengQ_2015,0,0.455869197845459
SID31129,FengQ_2015,0,0.5222618579864502
SID31159,FengQ_2015,1,0.9307219386100769
SID31160,FengQ_2015,0,0.5320771932601929
SID31188,FengQ_2015,1,0.3908844292163849
SID31219,FengQ_2015,0,0.06110361963510513
SID31223,FengQ_2015,1,0.9969971179962158
SID31236,FengQ_2015,0,0.040653351694345474
SID31237,FengQ_2015,1,0.9667258858680725
SID31267,FengQ_2015,0,0.09696270525455475
SID31276,FengQ_2015,1,0.4264507293701172
SID31285,FengQ_2015,1,0.07660006731748581
SID31300,FengQ_2015,0,0.004192786756902933
SID31328,FengQ_2015,0,0.08389304578304291
SID31333,FengQ_2015,0,0.23945514857769012
SID31343,FengQ_2015,0,0.3936423361301422
SID31360,FengQ_2015,0,0.5730851888656616
SID31367,FengQ_2015,1,0.43598926067352295
SID31379,FengQ_2015,0,0.544603168964386
SID31416,FengQ_2015,0,0.16364727914333344
SID31428,FengQ_2015,0,0.28474631905555725
SID31446,FengQ_2015,1,0.31561049818992615
SID31450,FengQ_2015,0,0.7233250141143799
SID31452,FengQ_2015,0,0.007149291690438986
SID31489,FengQ_2015,1,0.9738536477088928
SID31493,FengQ_2015,1,0.9698250889778137
SID31512,FengQ_2015,0,0.19150859117507935
SID31519,FengQ_2015,0,0.23885248601436615
SID31537,FengQ_2015,0,0.3638997972011566
SID31549,FengQ_2015,1,0.6129910945892334
SID31557,FengQ_2015,0,0.138191819190979
SID31637,FengQ_2015,0,0.6704962253570557
SID31685,FengQ_2015,1,0.8793812990188599
SID31700,FengQ_2015,0,0.28847238421440125
SID31711,FengQ_2015,0,0.22122842073440552
SID31714,FengQ_2015,0,0.8732209801673889
SID31723,FengQ_2015,0,0.6385250091552734
SID31749,FengQ_2015,0,0.11603973060846329
SID31750,FengQ_2015,0,0.5661096572875977
SID31766,FengQ_2015,0,0.09432321041822433
SID31865,FengQ_2015,1,0.19193041324615479
SID31866,FengQ_2015,1,0.9994937181472778
SID31868,FengQ_2015,1,0.9044446349143982
SID31870,FengQ_2015,1,0.7372938990592957
SID31871,FengQ_2015,1,0.6421517133712769
SID31872,FengQ_2015,1,0.09796833992004395
SID31873,FengQ_2015,1,0.99858558177948
SID31874,FengQ_2015,1,0.998810887336731
SID31875,FengQ_2015,1,0.9944728016853333
SID31876,FengQ_2015,1,0.7763622403144836
SID31877,FengQ_2015,1,0.583321213722229
SID31878,FengQ_2015,1,0.9973823428153992
SID31879,FengQ_2015,1,0.472882479429245
SID31880,FengQ_2015,1,0.9995877146720886
SID31881,FengQ_2015,1,0.9935444593429565
SID31883,FengQ_2015,1,0.9946182370185852
SID31884,FengQ_2015,1,0.8698742389678955
SID530050,FengQ_2015,0,0.0819140151143074
SID530052,FengQ_2015,0,0.7510635256767273
SID530055,FengQ_2015,0,0.019379010424017906
SID530074,FengQ_2015,0,0.3674069046974182
SID530075,FengQ_2015,0,0.026799947023391724
SID530119,FengQ_2015,0,0.41828012466430664
SID530154,FengQ_2015,0,0.7034159898757935
SID530163,FengQ_2015,0,0.7786785364151001
SID530167,FengQ_2015,0,0.07962704449892044
SID530177,FengQ_2015,0,0.34967803955078125
SID530215,FengQ_2015,0,0.10849009454250336
SID530227,FengQ_2015,0,0.5987874269485474
SID530251,FengQ_2015,0,0.2231096774339676
SID530258,FengQ_2015,0,0.46432551741600037
SID530295,FengQ_2015,0,0.24433451890945435
SID530315,FengQ_2015,0,0.7099640965461731
SID530331,FengQ_2015,0,0.010929799638688564
SID530364,FengQ_2015,0,0.21315115690231323
SID530368,FengQ_2015,0,0.48622193932533264
SID530373,FengQ_2015,1,0.9922282099723816
SID530394,FengQ_2015,0,0.41121014952659607
SID530444,FengQ_2015,0,0.9157420992851257
SID530451,FengQ_2015,0,0.4812038838863373
SID530890,FengQ_2015,1,0.0025068805553019047
SID531128,FengQ_2015,1,0.4944393038749695
SID531155,FengQ_2015,1,0.09997911751270294
SID531248,FengQ_2015,1,0.9883273243904114
SID531274,FengQ_2015,1,0.9676506519317627
SID531277,FengQ_2015,1,0.2339588850736618
SID531281,FengQ_2015,1,0.11364607512950897
SID531333,FengQ_2015,1,0.9519162774085999
SID531352,FengQ_2015,1,0.8201120495796204
SID531361,FengQ_2015,1,0.2507995069026947
SID531382,FengQ_2015,1,0.8918442130088806
SID531414,FengQ_2015,0,0.004894714802503586
SID531416,FengQ_2015,1,0.9284577369689941
SID531424,FengQ_2015,0,0.2893674075603485
SID531469,FengQ_2015,1,0.7987546920776367
SID531766,FengQ_2015,1,0.1541597545146942
SID531775,FengQ_2015,1,0.8634627461433411
SID532749,FengQ_2015,0,0.18772229552268982
SID532779,FengQ_2015,0,0.04252462089061737
SID532796,FengQ_2015,0,0.9549230933189392
SID532802,FengQ_2015,0,0.004117960575968027
SID532826,FengQ_2015,0,0.09611435234546661
SID532915,FengQ_2015,0,0.10167035460472107
GupDM_JP,GuptaA_2019,1,0.765306293964386
GupDM_JG,GuptaA_2019,1,0.03626770153641701
GupDM_A4,GuptaA_2019,1,0.979889452457428
GupDM_JM,GuptaA_2019,1,0.9466772079467773
GupDM_A13,GuptaA_2019,1,0.6765018701553345
GupDM_JK,GuptaA_2019,1,0.8027127385139465
GupDM_JI,GuptaA_2019,1,0.9996306896209717
GupDM_A7,GuptaA_2019,1,0.9672730565071106
GupDM_A2,GuptaA_2019,1,0.9885717034339905
GupDM_A_11,GuptaA_2019,1,0.9739561080932617
GupDM_JC,GuptaA_2019,1,0.9356285333633423
GupDM_JN,GuptaA_2019,1,0.9434872269630432
GupDM_JJ,GuptaA_2019,1,0.9931443929672241
GupDM_JO,GuptaA_2019,1,0.9982303977012634
GupDM_A1,GuptaA_2019,1,0.8967974185943604
GupDM_JE,GuptaA_2019,1,0.5849289894104004
GupDM_A12,GuptaA_2019,1,0.7191032767295837
GupDM_JL,GuptaA_2019,1,0.11407984048128128
GupDM_A14,GuptaA_2019,1,0.992175281047821
GupDM_A8,GuptaA_2019,1,0.8903098702430725
GupDM_A3,GuptaA_2019,1,0.8812005519866943
GupDM_A10,GuptaA_2019,1,0.85466468334198
GupDM_A5,GuptaA_2019,1,0.999582827091217
GupDM_A_15,GuptaA_2019,1,0.599878191947937
GupDM_JH,GuptaA_2019,1,0.9057298302650452
GupDM_JD,GuptaA_2019,1,0.977056086063385
GupDM_A9,GuptaA_2019,1,0.5553317666053772
GupDM_A6,GuptaA_2019,1,0.2423723042011261
GupDM_JB,GuptaA_2019,1,0.983356237411499
GupDM_JA,GuptaA_2019,1,0.08757805079221725
GupDM_HAK,GuptaA_2019,0,0.0575525164604187
GupDM_HAJ,GuptaA_2019,0,0.34085914492607117
GupDM_HAI,GuptaA_2019,0,0.23718638718128204
GupDM_HAH,GuptaA_2019,0,0.013473288156092167
GupDM_HAG,GuptaA_2019,0,0.11257394403219223
GupDM_HAL,GuptaA_2019,0,0.24120327830314636
GupDM_HAM,GuptaA_2019,0,0.6569369435310364
GupDM_HAN,GuptaA_2019,0,0.026533911004662514
GupDM_HAO,GuptaA_2019,0,0.12042965739965439
GupDM_HAP,GuptaA_2019,0,0.021995563060045242
GupDM_HAR,GuptaA_2019,0,0.31154441833496094
GupDM_HAT,GuptaA_2019,0,0.168517604470253
GupDM_HDF,GuptaA_2019,0,0.6971128582954407
GupDM_HDB,GuptaA_2019,0,0.06674026697874069
GupDM_HCY,GuptaA_2019,0,0.17749187350273132
GupDM_HCL,GuptaA_2019,0,0.20946535468101501
GupDM_HCU,GuptaA_2019,0,0.9599501490592957
GupDM_HCV,GuptaA_2019,0,0.3536178767681122
GupDM_HCQ,GuptaA_2019,0,0.21070075035095215
GupDM_HCR,GuptaA_2019,0,0.019381385296583176
GupDM_HCS,GuptaA_2019,0,0.06053896248340607
GupDM_HCT,GuptaA_2019,0,0.44048872590065
GupDM_HCM,GuptaA_2019,0,0.09589418768882751
GupDM_HCN,GuptaA_2019,0,0.06266795843839645
GupDM_HCO,GuptaA_2019,0,0.5192981958389282
GupDM_HCP,GuptaA_2019,0,0.7810145020484924
GupDM_HP,GuptaA_2019,0,0.022449495270848274
GupDM_HS,GuptaA_2019,0,0.5471333265304565
GupDM_HR,GuptaA_2019,0,0.529502809047699
GupDM_HBR,GuptaA_2019,0,0.12622638046741486
MG100180,HanniganGD_2017,0,0.08664748072624207
MG100179,HanniganGD_2017,0,0.6103327870368958
MG100178,HanniganGD_2017,0,0.027986377477645874
MG100177,HanniganGD_2017,0,0.008258742280304432
MG100176,HanniganGD_2017,0,0.028501830995082855
MG100175,HanniganGD_2017,0,0.006238902453333139
MG100174,HanniganGD_2017,0,0.4874867796897888
MG100173,HanniganGD_2017,0,0.00522671127691865
MG100172,HanniganGD_2017,0,0.09042943269014359
MG100171,HanniganGD_2017,0,0.1370023488998413
MG100170,HanniganGD_2017,0,0.044789787381887436
MG100169,HanniganGD_2017,0,0.02851988561451435
MG100168,HanniganGD_2017,0,0.014734538272023201
MG100167,HanniganGD_2017,0,0.1417979747056961
MG100166,HanniganGD_2017,0,0.44884324073791504
MG100165,HanniganGD_2017,0,0.03262944892048836
MG100164,HanniganGD_2017,0,0.3497695326805115
MG100162,HanniganGD_2017,0,0.3123975992202759
MG100161,HanniganGD_2017,0,0.06786608695983887
MG100160,HanniganGD_2017,0,0.17357660830020905
MG100159,HanniganGD_2017,0,0.0875871554017067
MG100158,HanniganGD_2017,0,0.6214300990104675
MG100157,HanniganGD_2017,0,0.046742960810661316
MG100156,HanniganGD_2017,0,0.014462885446846485
MG100155,HanniganGD_2017,0,0.09000895172357559
MG100154,HanniganGD_2017,0,0.012037459760904312
MG100153,HanniganGD_2017,0,0.08727256208658218
MG100152,HanniganGD_2017,1,0.11594338715076447
MG100151,HanniganGD_2017,1,0.005361007526516914
MG100150,HanniganGD_2017,1,0.07249965518712997
MG100149,HanniganGD_2017,1,0.04899805784225464
MG100148,HanniganGD_2017,1,0.15297383069992065
MG100147,HanniganGD_2017,1,0.3129150867462158
MG100146,HanniganGD_2017,1,0.01809735782444477
MG100145,HanniganGD_2017,1,0.005699853412806988
MG100144,HanniganGD_2017,1,0.09403016418218613
MG100143,HanniganGD_2017,1,0.02771947905421257
MG100141,HanniganGD_2017,1,0.3642098307609558
MG100140,HanniganGD_2017,1,0.08958347141742706
MG100139,HanniganGD_2017,1,0.025691956281661987
MG100138,HanniganGD_2017,1,0.7264534831047058
MG100137,HanniganGD_2017,1,0.19457440078258514
MG100136,HanniganGD_2017,1,0.186539888381958
MG100134,HanniganGD_2017,1,0.9815999865531921
MG100133,HanniganGD_2017,1,0.01910267397761345
MG100132,HanniganGD_2017,1,0.9451037645339966
MG100131,HanniganGD_2017,1,0.03510500118136406
MG100130,HanniganGD_2017,1,0.6828284859657288
MG100129,HanniganGD_2017,1,0.03135139122605324
MG100128,HanniganGD_2017,1,0.11062508076429367
MG100127,HanniganGD_2017,1,0.013727161101996899
MG100126,HanniganGD_2017,1,0.01983386091887951
MG100125,HanniganGD_2017,1,0.022618910297751427
LILT_GF06_16,ThomasAM_2018a,0,0.9889259934425354
LILT_GF15_16,ThomasAM_2018a,1,0.5647035241127014
LILT_VF00TL_16,ThomasAM_2018a,0,0.11192683130502701
LILT_VF06_16,ThomasAM_2018a,0,0.9825223684310913
LILT_VF100_T016,ThomasAM_2018a,1,0.6175981163978577
LILT_VF107_16,ThomasAM_2018a,1,0.9568343758583069
LILT_VF114_T017,ThomasAM_2018a,1,0.8023520112037659
LILT_VF120_16,ThomasAM_2018a,1,0.935926616191864
LILT_VF145_T017,ThomasAM_2018a,1,0.44410744309425354
LILT_VF154_T017,ThomasAM_2018a,1,0.29508480429649353
LILT_VF166_T017,ThomasAM_2018a,1,0.9996234178543091
LILT_VF174_T017,ThomasAM_2018a,1,0.8928961753845215
LILT_VF176_T017,ThomasAM_2018a,1,0.5617062449455261
LILT_VF192_T017,ThomasAM_2018a,1,0.9954726099967957
LILT_VF29_16,ThomasAM_2018a,1,0.8505143523216248
LILT_VF31_16,ThomasAM_2018a,0,0.2689923942089081
LILT_VF40_16,ThomasAM_2018a,0,0.6830592155456543
LILT_VF43_16,ThomasAM_2018a,0,0.01981973834335804
LILT_VF65_16,ThomasAM_2018a,1,0.9926018118858337
LILT_VF71_16,ThomasAM_2018a,1,0.9302632808685303
LILT_VF73_16,ThomasAM_2018a,1,0.9638431072235107
LILT_VF77_16,ThomasAM_2018a,1,0.7826573848724365
LILT_VF84_16,ThomasAM_2018a,0,0.19712993502616882
LILT_VF95_16,ThomasAM_2018a,1,0.9757206439971924
LILT_VF270_T017,ThomasAM_2018a,1,0.8623733520507812
LILT_VF207_T017,ThomasAM_2018a,1,0.6861083507537842
LILT_VF234_T017,ThomasAM_2018a,1,0.99366295337677
LILT_VF217_T017,ThomasAM_2018a,1,0.5500767827033997
LILT_VF273_T017,ThomasAM_2018a,1,0.994252622127533
LILT_VF208_T017,ThomasAM_2018a,1,0.008906504139304161
LILT_VF281_T017,ThomasAM_2018a,1,0.23117618262767792
LILT_VF216_T017,ThomasAM_2018a,1,0.24859966337680817
LILT_VF232_T017,ThomasAM_2018a,1,0.9610213041305542
LILT_VF264_T017,ThomasAM_2018a,1,0.5854753851890564
LILT_VF251_T017,ThomasAM_2018a,1,0.3639967143535614
LILT_VF259_T016,ThomasAM_2018a,0,0.9676200747489929
LILT_VF255_T016,ThomasAM_2018a,0,0.013872737996280193
LILT_VF170_T016,ThomasAM_2018a,0,0.40906789898872375
LILT_VF206_T016,ThomasAM_2018a,0,0.11870445311069489
LILT_VF212_T016,ThomasAM_2018a,0,0.05816243588924408
LILT_VF261_T016,ThomasAM_2018a,0,0.85306715965271
LILT_VF262_T016,ThomasAM_2018a,0,0.02212795801460743
LILT_VF263_T016,ThomasAM_2018a,0,0.018898267298936844
LILT_VF265_T016,ThomasAM_2018a,0,0.23636838793754578
LILT_VF279_T016,ThomasAM_2018a,0,0.4891788959503174
LILT_VF300_T016,ThomasAM_2018a,1,0.9854012131690979
LILT_VF10_T016,ThomasAM_2018a,0,0.7656790614128113
LILT_VF140_T016,ThomasAM_2018a,0,0.6228008270263672
LILT_VF171_T016,ThomasAM_2018a,0,0.4663419723510742
LILT_VF18_T016,ThomasAM_2018a,0,0.8540586829185486
LILT_VF189_T016,ThomasAM_2018a,0,0.8664587140083313
LILT_VF28_T016,ThomasAM_2018a,0,0.922167956829071
LILT_VF82_T016,ThomasAM_2018a,0,0.4171273708343506
CRC_MR_SBJ01C_17,ThomasAM_2018b,1,0.9028700590133667
CRC_MR_SBJ02C_17,ThomasAM_2018b,1,0.6287378668785095
CRC_MR_SBJ03H_17,ThomasAM_2018b,0,0.06665761768817902
CRC_MR_SBJ04C_17,ThomasAM_2018b,1,0.004833089653402567
CRC_MR_SBJ05C_17,ThomasAM_2018b,1,0.10003787279129028
CRC_MR_SBJ06C_17,ThomasAM_2018b,1,0.027108192443847656
CRC_MR_SBJ07C_17,ThomasAM_2018b,1,0.9997606873512268
CRC_MR_SBJ10C_17,ThomasAM_2018b,1,0.9998087286949158
CRC_MR_SBJ11C_17,ThomasAM_2018b,1,0.19495578110218048
CRC_MR_SBJ12C_17,ThomasAM_2018b,1,0.19872023165225983
CRC_MR_SBJ16H_17,ThomasAM_2018b,0,0.0032472475431859493
CRC_MR_SBJ17H_17,ThomasAM_2018b,0,0.012305306270718575
CRC_MR_SBJ18H_17,ThomasAM_2018b,0,0.018938619643449783
CRC_MR_SBJ20C_17,ThomasAM_2018b,1,0.9650156497955322
CRC_MR_SBJ21H_17,ThomasAM_2018b,0,0.197635680437088
CRC_MR_SBJ22C_17,ThomasAM_2018b,1,0.9405463933944702
CRC_MR_SBJ24H_17,ThomasAM_2018b,0,0.6735835671424866
CRC_MR_SBJ25C_17,ThomasAM_2018b,1,0.9917245507240295
CRC_MR_SBJ26C_17,ThomasAM_2018b,1,0.8599749803543091
CRC_MR_SBJ27C_17,ThomasAM_2018b,1,0.2705036997795105
CRC_MR_SBJ29C_17,ThomasAM_2018b,1,0.06080062687397003
CRC_MR_SBJ31C_17,ThomasAM_2018b,1,0.8608913421630859
CRC_MR_SBJ32C_17,ThomasAM_2018b,1,0.9933280944824219
CRC_MR_SBJ33C_17,ThomasAM_2018b,1,0.0018831294728443027
CRC_MR_SBJ34H_17,ThomasAM_2018b,0,0.7436226606369019
CRC_MR_SBJ35C_17,ThomasAM_2018b,1,0.9590725898742676
CRC_MR_SBJ36C_17,ThomasAM_2018b,1,0.05752158910036087
CRC_MR_SBJ37H_17,ThomasAM_2018b,0,0.023374715819954872
CRC_MR_SBJ39C_17,ThomasAM_2018b,1,0.005265990272164345
CRC_MR_SBJ40C_17,ThomasAM_2018b,1,0.9963104128837585
CRC_MR_SBJ42C_17,ThomasAM_2018b,1,0.9997884631156921
CRC_MR_SBJ45H_17,ThomasAM_2018b,0,0.009355032816529274
CRC_MR_SBJ46H_17,ThomasAM_2018b,0,0.01407833956182003
CRC_MR_SBJ47C_17,ThomasAM_2018b,1,0.2309708446264267
CRC_MR_SBJ49C_17,ThomasAM_2018b,1,0.30079925060272217
CRC_MR_SBJ50C_17,ThomasAM_2018b,1,0.9834983944892883
CRC_MR_SBJ51C_17,ThomasAM_2018b,1,0.968726396560669
CRC_MR_SBJ52C_17,ThomasAM_2018b,1,0.04746560379862785
CRC_MR_SBJ53C_17,ThomasAM_2018b,1,0.018760763108730316
CRC_MR_SBJ55C_17,ThomasAM_2018b,1,0.15334658324718475
CRC_MR_SBJ57H_17,ThomasAM_2018b,0,0.12376190721988678
CRC_MR_SBJ60H_17,ThomasAM_2018b,0,0.35991206765174866
CRC_MR_SBJ61C_17,ThomasAM_2018b,1,0.9601445198059082
CRC_MR_SBJ63H_17,ThomasAM_2018b,0,0.31897178292274475
CRC_MR_SBJ64C_17,ThomasAM_2018b,1,0.9698728919029236
CRC_MR_SBJ65H_17,ThomasAM_2018b,0,0.000991282518953085
CRC_MR_SBJ67H_17,ThomasAM_2018b,0,0.06532678753137589
CRC_MR_SBJ68H_17,ThomasAM_2018b,0,0.08981499075889587
CRC_MR_SBJ69H_17,ThomasAM_2018b,0,0.19492334127426147
CRC_MR_SBJ73H_17,ThomasAM_2018b,0,0.009937089867889881
CRC_MR_SBJ74H_17,ThomasAM_2018b,0,0.011825607158243656
CRC_MR_SBJ75H_17,ThomasAM_2018b,0,0.07058213651180267
CRC_MR_SBJ77H_17,ThomasAM_2018b,0,0.518882155418396
CRC_MR_SBJ78H_17,ThomasAM_2018b,0,0.07086198031902313
CRC_MR_SBJ79H_17,ThomasAM_2018b,0,0.1128457561135292
CRC_MR_SBJ80H_17,ThomasAM_2018b,0,0.009121930226683617
CRC_MR_SBJ81H_17,ThomasAM_2018b,0,0.11404573917388916
CRC_MR_SBJ82H_17,ThomasAM_2018b,0,0.06861164420843124
CRC_MR_SBJ83H_17,ThomasAM_2018b,0,0.01618397980928421
CRC_MR_SBJ84H_17,ThomasAM_2018b,0,0.7228101491928101
mix1_N702-N505_CGTACTAG-GTAAGGAG,ThomasAM_2019_c,0,0.14955538511276245
mix3_N707-N505_CTCTCTAC-GTAAGGAG,ThomasAM_2019_c,0,0.0009999055182561278
mix3_N705-N506_GGACTCCT-ACTGCATA,ThomasAM_2019_c,1,0.44575977325439453
mix3_N706-N506_TAGGCATG-ACTGCATA,ThomasAM_2019_c,0,0.030661916360259056
mix2_N707-N503_CTCTCTAC-TATCCTCT,ThomasAM_2019_c,0,0.5770025849342346
mix6_N707-N504_CTCTCTAC-AGAGTAGA,ThomasAM_2019_c,1,0.9845330119132996
mix2_N708-N504_CAGAGAGG-AGAGTAGA,ThomasAM_2019_c,0,0.965878427028656
mix2_N711-N504_AAGAGGCA-AGAGTAGA,ThomasAM_2019_c,1,0.98245769739151
AHCT5GADXX.N703-S501_AGGCAGAA-TAGATCGC,ThomasAM_2019_c,1,0.43918874859809875
BHCNG3ADXX.N705-S502_GGACTCCT-CTCTCTAT,ThomasAM_2019_c,0,0.20431487262248993
BHCNG3ADXX.N708-S502_CAGAGAGG-CTCTCTAT,ThomasAM_2019_c,1,0.9966000914573669
HGKT5ADXX_PG0662_09A0202_H2,ThomasAM_2019_c,0,0.03020612709224224
BHCNG3ADXX.N709-S502_GCTACGCT-CTCTCTAT,ThomasAM_2019_c,1,0.9951844811439514
BHCNG3ADXX.N711-S502_AAGAGGCA-CTCTCTAT,ThomasAM_2019_c,1,0.22961415350437164
mix20-N702-S501_CGTACTAG-TAGATCGC,ThomasAM_2019_c,0,0.8468903303146362
BHCNG3ADXX.N701-S503_TAAGGCGA-TATCCTCT,ThomasAM_2019_c,1,0.38359054923057556
BHCNJJADXX.N703-S503_AGGCAGAA-TATCCTCT,ThomasAM_2019_c,1,0.8926571607589722
BHCNJJADXX.N705-S503_GGACTCCT-TATCCTCT,ThomasAM_2019_c,1,0.9985550045967102
BHCNJJADXX.N708-S503_CAGAGAGG-TATCCTCT,ThomasAM_2019_c,0,0.03962891921401024
mix21_mix22-N705-S502_GGACTCCT-CTCTCTAT,ThomasAM_2019_c,0,0.6901006102561951
AHCNC2ADXX.N708_CAGAGAGG,ThomasAM_2019_c,1,0.9977713823318481
AHCNC2ADXX.N710_CGAGGCTG,ThomasAM_2019_c,1,0.9225163459777832
mix23_mix24-N703-S503_AGGCAGAA-TATCCTCT,ThomasAM_2019_c,0,0.9379695653915405
BHCTGKADXX.N707-S505_CTCTCTAC-GTAAGGAG,ThomasAM_2019_c,0,0.020261432975530624
BHCNFHADXX.N710-S505_CGAGGCTG-GTAAGGAG,ThomasAM_2019_c,1,0.9993638396263123
BHCNK3ADXX.N711-S506_AAGAGGCA-ACTGCATA,ThomasAM_2019_c,0,0.004701682366430759
BHCNK3ADXX.N712-S506_GTAGAGGA-ACTGCATA,ThomasAM_2019_c,1,0.6983274817466736
mix29_mix30-N710_CGAGGCTG,ThomasAM_2019_c,0,0.0044670565985143185
BHCNK3ADXX.N706-S507_TAGGCATG-AAGGAGTA,ThomasAM_2019_c,0,0.9593632817268372
mix31_mix32-N702-S506_CGTACTAG-ACTGCATA,ThomasAM_2019_c,0,0.17201566696166992
AHCNMFADXX.N709-S507_GCTACGCT-AAGGAGTA,ThomasAM_2019_c,1,0.9964519739151001
AHCNMFADXX.N712-S507_GTAGAGGA-AAGGAGTA,ThomasAM_2019_c,0,0.15363898873329163
AHCNMFADXX.N703-S508_AGGCAGAA-CTAAGCCT,ThomasAM_2019_c,1,0.4169153869152069
mix31_mix32-N705-S506_GGACTCCT-ACTGCATA,ThomasAM_2019_c,0,0.9907763600349426
BHCNM7ADXX.N712-S508_GTAGAGGA-CTAAGCCT,ThomasAM_2019_c,0,0.1534307301044464
BHCNM7ADXX.N701-S511_TAAGGCGA-TCTCTCCG,ThomasAM_2019_c,0,0.5435022115707397
mix33_mix34-N711-S506_AAGAGGCA-ACTGCATA,ThomasAM_2019_c,0,0.00726989796385169
mix33_mix34-N712-S506_GTAGAGGA-ACTGCATA,ThomasAM_2019_c,0,0.0027376136276870966
mix35_mix36-N712-S507_GTAGAGGA-AAGGAGTA,ThomasAM_2019_c,1,0.7265702486038208
HGK7MADXX_PG0662_19A0305_H3_L001,ThomasAM_2019_c,1,0.052417539060115814
HGK7MADXX_PG0662_87A0503_H3_L002,ThomasAM_2019_c,1,0.9998641014099121
HGKMWADXX_PG0662_92A0617_H3_L001,ThomasAM_2019_c,1,0.6481122970581055
HGKMWADXX_PG0662_95A0604_H3_L002,ThomasAM_2019_c,0,0.8804555535316467
HGKYVADXX_PG0662_98A0607_H3_L001,ThomasAM_2019_c,0,0.03708794713020325
HGKYVADXX_PG0662_104A0704_H3_L001,ThomasAM_2019_c,0,0.19521424174308777
HGKMWADXX_PG0662_166A0807_H3_L002,ThomasAM_2019_c,1,0.7956339120864868
HGKFCADXX_PG0662_168A0902_H3_L001,ThomasAM_2019_c,0,0.43793627619743347
HGK52ADXX_PG0662_172A0906_H3_L001,ThomasAM_2019_c,1,0.93320232629776
HGKY7ADXX_PG0662_178A0104_H1_L002,ThomasAM_2019_c,0,0.9623305201530457
HGKY7ADXX_PG0662_179A0105_H1_L002,ThomasAM_2019_c,0,0.06432580947875977
HGKY7ADXX_PG0662_182A0217_H1_L002,ThomasAM_2019_c,1,0.7203465700149536
HGKY7ADXX_PG0662_239A0206_H1_L001,ThomasAM_2019_c,1,0.5116277933120728
HGKYWADXX_PG0662_245A0305_H1_L002,ThomasAM_2019_c,1,0.9959149956703186
HGKYWADXX_PG0662_249A0402_H1_L002,ThomasAM_2019_c,0,0.9945242404937744
HGKYWADXX_PG0662_255A0407_H1_L001,ThomasAM_2019_c,1,0.9995666146278381
HGKYWADXX_PG0662_259A0504_H1_L001,ThomasAM_2019_c,1,0.9653828144073486
HGKYVADXX_PG0662_320A0604_H1_L002,ThomasAM_2019_c,0,0.6684770584106445
HGKY5ADXX_PG0662_332A0817_H1_L001,ThomasAM_2019_c,1,0.7600274682044983
HJK7MADXX_PG0783_04A0104_H1_L002,ThomasAM_2019_c,1,0.8073519468307495
HJKJJADXX_PG0783_14A0207_H1_L001,ThomasAM_2019_c,0,0.20268967747688293
HJKJ2ADXX_PG0783_19A0305_H1_L001,ThomasAM_2019_c,0,0.7772634625434875
HJK7VADXX_PG0783_22A0417_H1_L001,ThomasAM_2019_c,1,0.004112090449780226
HJK7VADXX_PG0783_23A0402_H1_L002,ThomasAM_2019_c,1,0.25178876519203186
HJK7MADXX_PG0783_24A0403_H1_L001,ThomasAM_2019_c,0,0.6691409945487976
HJKJ2ADXX_PG0783_27A0405_H1_L001,ThomasAM_2019_c,1,0.9981246590614319
HJK7VADXX_PG0783_31A0502_H1_L002,ThomasAM_2019_c,0,0.26341673731803894
HJKHTADXX_PG0783_55A0104_H1_L001,ThomasAM_2019_c,0,0.26150020956993103
HJKHTADXX_PG0783_65A0205_H1_L002,ThomasAM_2019_c,1,0.9995802044868469
HJKNLADXX_PG0783_67A0207_H1_L002,ThomasAM_2019_c,0,0.004645570646971464
HJKHJADXX_PG0783_75A0417_H1_L001,ThomasAM_2019_c,1,0.5320929288864136
HJKNLADXX_PG0783_82A0407_H1_L002,ThomasAM_2019_c,0,0.9920862317085266
HJKNLADXX_PG0783_89A0507_H1_L002,ThomasAM_2019_c,1,0.9840098023414612
HJKJJADXX_PG0783_92A0603_H1_L002,ThomasAM_2019_c,1,0.9986106157302856
HJKHJADXX_PG0783_98A0717_H1_L001,ThomasAM_2019_c,1,0.9845969080924988
HJK7NADXX_PG0783_110A0106_H1_L002,ThomasAM_2019_c,0,0.24985584616661072
HJKTNADXX_PG0783_113A0203_H1_L001,ThomasAM_2019_c,0,0.36801040172576904
HJK7NADXX_PG0783_128A0406_H1_L002,ThomasAM_2019_c,1,0.5717055201530457
HJKTNADXX_PG0783_132A0504_H1_L002,ThomasAM_2019_c,1,0.8060034513473511
HJKTNADXX_PG0783_145A0703_H1_L001,ThomasAM_2019_c,1,0.997747004032135
HJKTNADXX_PG0783_147A0704_H1_L002,ThomasAM_2019_c,0,0.8451474905014038
MMRS11288076ST-27-0-0,VogtmannE_2016,0,0.07680734246969223
MMRS11932626ST-27-0-0,VogtmannE_2016,0,0.3698941767215729
MMRS12272136ST-27-0-0,VogtmannE_2016,1,0.32982221245765686
MMRS14379078ST-27-0-0,VogtmannE_2016,1,0.6411001086235046
MMRS14602194ST-27-0-0,VogtmannE_2016,1,0.9012835025787354
MMRS15137911ST-27-0-0,VogtmannE_2016,1,0.9925716519355774
MMRS16644320ST-27-0-0,VogtmannE_2016,1,0.15015970170497894
MMRS17603756ST-27-0-0,VogtmannE_2016,0,0.7344500422477722
MMRS17963147ST-27-0-0,VogtmannE_2016,0,0.5763473510742188
MMRS18295921ST-27-0-0,VogtmannE_2016,1,0.9975094795227051
MMRS20257302ST-27-0-0,VogtmannE_2016,0,0.7577289938926697
MMRS21365932ST-27-0-0,VogtmannE_2016,0,0.3646003305912018
MMRS24340226ST-27-0-0,VogtmannE_2016,1,0.07657833397388458
MMRS25211151ST-27-0-0,VogtmannE_2016,0,0.21936818957328796
MMRS25641480ST-27-0-0,VogtmannE_2016,1,0.6864964365959167
MMRS29805707ST-27-0-0,VogtmannE_2016,0,0.18326222896575928
MMRS31306426ST-27-0-0,VogtmannE_2016,1,0.9195815920829773
MMRS32573774ST-27-0-0,VogtmannE_2016,0,0.9749618768692017
MMRS33294861ST-27-0-0,VogtmannE_2016,0,0.3077464997768402
MMRS34525504ST-27-0-0,VogtmannE_2016,1,0.5093450546264648
MMRS34569532ST-27-0-0,VogtmannE_2016,0,0.8284186720848083
MMRS35808664ST-27-0-0,VogtmannE_2016,0,0.288563072681427
MMRS36405092ST-27-0-0,VogtmannE_2016,0,0.002112927846610546
MMRS38861560ST-27-0-0,VogtmannE_2016,0,0.9466121196746826
MMRS38954404ST-27-0-0,VogtmannE_2016,0,0.10694212466478348
MMRS39415781ST-27-0-0,VogtmannE_2016,0,0.5173459053039551
MMRS39582183ST-27-0-0,VogtmannE_2016,0,0.46486830711364746
MMRS40913371ST-27-0-0,VogtmannE_2016,0,0.0442587174475193
MMRS41266697ST-27-0-0,VogtmannE_2016,1,0.6281446218490601
MMRS41711735ST-27-0-0,VogtmannE_2016,1,0.6446160674095154
MMRS42780924ST-27-0-0,VogtmannE_2016,1,0.8092925548553467
MMRS43563715ST-27-0-0,VogtmannE_2016,1,0.7634292840957642
MMRS43939546ST-27-0-0,VogtmannE_2016,1,0.8807523846626282
MMRS44197125ST-27-0-0,VogtmannE_2016,1,0.999914288520813
MMRS44203591ST-27-0-0,VogtmannE_2016,1,0.535132646560669
MMRS44587603ST-27-0-0,VogtmannE_2016,1,0.952491283416748
MMRS47662059ST-27-0-0,VogtmannE_2016,1,0.22036372125148773
MMRS47685461ST-27-0-0,VogtmannE_2016,1,0.8378535509109497
MMRS51307502ST-27-0-0,VogtmannE_2016,0,0.04290682449936867
MMRS51410669ST-27-0-0,VogtmannE_2016,1,0.3790564239025116
MMRS51728985ST-27-0-0,VogtmannE_2016,1,0.9434218406677246
MMRS51737257ST-27-0-0,VogtmannE_2016,0,0.37198391556739807
MMRS54246132ST-27-0-0,VogtmannE_2016,0,0.6916088461875916
MMRS54316675ST-27-0-0,VogtmannE_2016,1,0.998256266117096
MMRS55294627ST-27-0-0,VogtmannE_2016,1,0.9908602237701416
MMRS56137463ST-27-0-0,VogtmannE_2016,0,0.3051018714904785
MMRS57276462ST-27-0-0,VogtmannE_2016,0,0.9096547961235046
MMRS57569834ST-27-0-0,VogtmannE_2016,0,0.39729923009872437
MMRS59699117ST-27-0-0,VogtmannE_2016,1,0.15623649954795837
MMRS61683006ST-27-0-0,VogtmannE_2016,0,0.19432203471660614
MMRS62192467ST-27-0-0,VogtmannE_2016,0,0.6551234126091003
MMRS62376181ST-27-0-0,VogtmannE_2016,1,0.43259960412979126
MMRS62666492ST-27-0-0,VogtmannE_2016,0,0.8669140338897705
MMRS64281211ST-27-0-0,VogtmannE_2016,1,0.987565815448761
MMRS64281551ST-27-0-0,VogtmannE_2016,0,0.18790262937545776
MMRS65205033ST-27-0-0,VogtmannE_2016,1,0.9995641112327576
MMRS65742083ST-27-0-0,VogtmannE_2016,0,0.3267427384853363
MMRS65862658ST-27-0-0,VogtmannE_2016,0,0.4733654856681824
MMRS65945127ST-27-0-0,VogtmannE_2016,1,0.39260730147361755
MMRS66868025ST-27-0-0,VogtmannE_2016,0,0.024155031889677048
MMRS67096717ST-27-0-0,VogtmannE_2016,0,0.9810987114906311
MMRS67247116ST-27-0-0,VogtmannE_2016,1,0.10662826150655746
MMRS68630931ST-27-0-0,VogtmannE_2016,0,0.23431357741355896
MMRS68910755ST-27-0-0,VogtmannE_2016,1,0.9284898042678833
MMRS71762412ST-27-0-0,VogtmannE_2016,1,0.8045689463615417
MMRS72802364ST-27-0-0,VogtmannE_2016,1,0.9984575510025024
MMRS72980899ST-27-0-0,VogtmannE_2016,1,0.9017345309257507
MMRS73787048ST-27-0-0,VogtmannE_2016,0,0.08348091691732407
MMRS77018926ST-27-0-0,VogtmannE_2016,1,0.7411345839500427
MMRS77321055ST-27-0-0,VogtmannE_2016,1,0.9441484808921814
MMRS77487595ST-27-0-0,VogtmannE_2016,1,0.9871475100517273
MMRS78791111ST-27-0-0,VogtmannE_2016,1,0.003596389899030328
MMRS79893829ST-27-0-0,VogtmannE_2016,0,0.546416699886322
MMRS80093644ST-27-0-0,VogtmannE_2016,1,0.9968782663345337
MMRS81130264ST-27-0-0,VogtmannE_2016,0,0.06476114690303802
MMRS81135225ST-27-0-0,VogtmannE_2016,0,0.35084769129753113
MMRS81194191ST-27-0-0,VogtmannE_2016,1,0.9885278940200806
MMRS81671217ST-27-0-0,VogtmannE_2016,1,0.9775210022926331
MMRS84085284ST-27-0-0,VogtmannE_2016,0,0.5650269985198975
MMRS84159866ST-27-0-0,VogtmannE_2016,0,0.43207401037216187
MMRS84954772ST-27-0-0,VogtmannE_2016,1,0.9228420853614807
MMRS85382779ST-27-0-0,VogtmannE_2016,1,0.2501157820224762
MMRS85438660ST-27-0-0,VogtmannE_2016,0,0.13378840684890747
MMRS85548821ST-27-0-0,VogtmannE_2016,0,0.2868736684322357
MMRS86168210ST-27-0-0,VogtmannE_2016,0,0.08764275163412094
MMRS86178473ST-27-0-0,VogtmannE_2016,1,0.6045196056365967
MMRS86958796ST-27-0-0,VogtmannE_2016,1,0.07755573093891144
MMRS87723283ST-27-0-0,VogtmannE_2016,0,0.6553882360458374
MMRS88581325ST-27-0-0,VogtmannE_2016,0,0.2739338278770447
MMRS90191266ST-27-0-0,VogtmannE_2016,1,0.9186526536941528
MMRS91297590ST-27-0-0,VogtmannE_2016,0,0.2727082371711731
MMRS92544445ST-27-0-0,VogtmannE_2016,1,0.8952751159667969
MMRS92546335ST-27-0-0,VogtmannE_2016,0,0.079744353890419
MMRS93508324ST-27-0-0,VogtmannE_2016,1,0.8892138004302979
MMRS93621581ST-27-0-0,VogtmannE_2016,0,0.7052522897720337
MMRS94549160ST-27-0-0,VogtmannE_2016,0,0.18732967972755432
MMRS95277876ST-27-0-0,VogtmannE_2016,0,0.2377978414297104
MMRS95479054ST-27-0-0,VogtmannE_2016,0,0.031872183084487915
MMRS95674036ST-27-0-0,VogtmannE_2016,0,0.039610642939805984
MMRS96422329ST-27-0-0,VogtmannE_2016,1,0.4289824962615967
MMRS97052561ST-27-0-0,VogtmannE_2016,1,0.9975445866584778
MMRS97307143ST-27-0-0,VogtmannE_2016,0,0.022853203117847443
MMRS97327636ST-27-0-0,VogtmannE_2016,1,0.9719362854957581
MMRS99045180ST-27-0-0,VogtmannE_2016,1,0.26845112442970276
CCMD11006829ST-21-0,WirbelJ_2018,1,0.9999375343322754
CCMD12232071ST-21-0,WirbelJ_2018,1,0.9490280747413635
CCMD13071240ST-21-0,WirbelJ_2018,1,0.7110230326652527
CCMD13934959ST-21-0,WirbelJ_2018,1,0.9050566554069519
CCMD14479708ST-21-0,WirbelJ_2018,1,0.2794232666492462
CCMD18872694ST-21-0,WirbelJ_2018,1,0.9984225034713745
CCMD19497912ST-21-0,WirbelJ_2018,1,0.9994958639144897
CCMD23101338ST-21-0,WirbelJ_2018,1,0.1306784600019455
CCMD25511638ST-21-0,WirbelJ_2018,1,0.9543099999427795
CCMD25963797ST-21-0,WirbelJ_2018,1,0.10489759594202042
CCMD26709089ST-21-0,WirbelJ_2018,1,0.01636839471757412
CCMD26925580ST-21-0,WirbelJ_2018,1,0.21792545914649963
CCMD34381688ST-21-0,WirbelJ_2018,1,0.6771755218505859
CCMD35802077ST-21-0,WirbelJ_2018,1,0.6612330675125122
CCMD40701343ST-21-0,WirbelJ_2018,1,0.9984301924705505
CCMD42428553ST-21-0,WirbelJ_2018,1,0.9461236000061035
CCMD45988061ST-21-0,WirbelJ_2018,1,0.8546180725097656
CCMD46222674ST-21-0,WirbelJ_2018,1,0.9926954507827759
CCMD46947453ST-21-0,WirbelJ_2018,1,0.5266228318214417
CCMD48236717ST-21-0,WirbelJ_2018,1,0.134906604886055
CCMD50071957ST-21-0,WirbelJ_2018,1,0.9992055296897888
CCMD51864103ST-21-0,WirbelJ_2018,1,0.9836387634277344
CCMD60079086ST-21-0,WirbelJ_2018,1,0.1721978783607483
CCMD63399960ST-21-0,WirbelJ_2018,1,0.0584082268178463
CCMD64503764ST-21-0,WirbelJ_2018,1,0.9968670010566711
CCMD64776337ST-21-0,WirbelJ_2018,1,0.8572088479995728
CCMD72895164ST-21-0,WirbelJ_2018,1,0.22820110619068146
CCMD74930188ST-21-0,WirbelJ_2018,1,0.7246154546737671
CCMD79987997ST-21-0,WirbelJ_2018,1,0.34474173188209534
CCMD82866709ST-21-0,WirbelJ_2018,1,0.9953378438949585
CCMD86114146ST-21-0,WirbelJ_2018,1,0.8519967794418335
CCMD86707194ST-21-0,WirbelJ_2018,1,0.02999451570212841
CCMD87156761ST-21-0,WirbelJ_2018,1,0.019582640379667282
CCMD88272491ST-21-0,WirbelJ_2018,1,0.9831314086914062
CCMD90311071ST-21-0,WirbelJ_2018,1,0.1609320342540741
CCMD93344354ST-21-0,WirbelJ_2018,1,0.05235804244875908
CCMD95433940ST-21-0,WirbelJ_2018,1,0.07845357805490494
CCMD96553385ST-21-0,WirbelJ_2018,1,0.8486944437026978
MMPU29365221ST,WirbelJ_2018,0,0.04028603434562683
MMPU68403337ST,WirbelJ_2018,0,0.12794554233551025
MMPU72854103ST,WirbelJ_2018,0,0.043889258056879044
MMPU84450604ST,WirbelJ_2018,0,0.010464769788086414
MMPU99077057ST,WirbelJ_2018,0,0.14622509479522705
CCMD10032470ST-11-0,WirbelJ_2018,0,0.02139316126704216
CCMD10191450ST-11-0,WirbelJ_2018,0,0.012389641255140305
CCMD15562448ST-11-0,WirbelJ_2018,0,0.013133954256772995
CCMD17410933ST-11-0,WirbelJ_2018,0,0.03327861428260803
CCMD18579000ST-11-0,WirbelJ_2018,0,0.35991519689559937
CCMD18829815ST-11-0,WirbelJ_2018,0,0.002361588878557086
CCMD19168690ST-11-0,WirbelJ_2018,1,0.6924266815185547
CCMD21593359ST-11-0,WirbelJ_2018,1,0.9988952875137329
CCMD21703880ST-11-0,WirbelJ_2018,1,0.9987024068832397
CCMD22852639ST-11-0,WirbelJ_2018,0,0.43771013617515564
CCMD23541216ST-11-0,WirbelJ_2018,0,0.01173012051731348
CCMD25475945ST-11-0,WirbelJ_2018,0,0.009175650775432587
CCMD26625622ST-11-0,WirbelJ_2018,0,0.005829159636050463
CCMD27463710ST-11-0,WirbelJ_2018,1,0.9693682193756104
CCMD27867141ST-11-0,WirbelJ_2018,0,0.18951983749866486
CCMD28738636ST-11-0,WirbelJ_2018,0,0.07416075468063354
CCMD29706695ST-11-0,WirbelJ_2018,0,0.028870604932308197
CCMD30626189ST-11-0,WirbelJ_2018,0,0.029580481350421906
CCMD30627121ST-11-0,WirbelJ_2018,0,0.40490081906318665
CCMD31009081ST-11-0,WirbelJ_2018,0,0.0719098448753357
CCMD31134579ST-11-0,WirbelJ_2018,0,0.02003149874508381
CCMD32288175ST-11-0,WirbelJ_2018,0,0.28391769528388977
CCMD32965613ST-11-0,WirbelJ_2018,0,0.3721335530281067
CCMD35081859ST-11-0,WirbelJ_2018,0,0.0236916933208704
CCMD35633353ST-11-0,WirbelJ_2018,1,0.9866889119148254
CCMD35801800ST-11-0,WirbelJ_2018,0,0.17532102763652802
CCMD37575804ST-11-0,WirbelJ_2018,0,0.0003656855260487646
CCMD38158721ST-11-0,WirbelJ_2018,0,0.016825806349515915
CCMD39157124ST-11-0,WirbelJ_2018,0,0.008416322991251945
CCMD39882286ST-11-0,WirbelJ_2018,0,0.02132810279726982
CCMD41202658ST-11-0,WirbelJ_2018,0,0.016926437616348267
CCMD41521570ST-11-0,WirbelJ_2018,0,0.0015332126058638096
CCMD42956136ST-11-0,WirbelJ_2018,1,0.9322763681411743
CCMD45004878ST-11-0,WirbelJ_2018,0,0.014047813601791859
CCMD45812507ST-11-0,WirbelJ_2018,0,0.0091443732380867
CCMD46727384ST-11-0,WirbelJ_2018,0,0.5671910643577576
CCMD49025643ST-11-0,WirbelJ_2018,0,0.8762553334236145
CCMD49461418ST-11-0,WirbelJ_2018,1,0.21774877607822418
CCMD49942357ST-11-0,WirbelJ_2018,0,0.02342430129647255
CCMD50300306ST-11-0,WirbelJ_2018,0,0.02533317729830742
CCMD50529145ST-11-0,WirbelJ_2018,0,0.2688370943069458
CCMD50538120ST-11-0,WirbelJ_2018,0,0.012319264002144337
CCMD51154251ST-11-0,WirbelJ_2018,0,0.12007065862417221
CCMD51228890ST-11-0,WirbelJ_2018,0,0.5500497817993164
CCMD52117727ST-11-0,WirbelJ_2018,1,0.49237069487571716
CCMD52145360ST-11-0,WirbelJ_2018,1,0.1665484458208084
CCMD53508245ST-11-0,WirbelJ_2018,0,0.14643317461013794
CCMD53522274ST-11-0,WirbelJ_2018,0,0.02090952917933464
CCMD54057834ST-11-0,WirbelJ_2018,0,0.3078637421131134
CCMD56948710ST-11-0,WirbelJ_2018,0,0.14849773049354553
CCMD59540613ST-11-0,WirbelJ_2018,0,0.9357698559761047
CCMD59583015ST-11-0,WirbelJ_2018,1,0.013678575865924358
CCMD65222621ST-11-0,WirbelJ_2018,1,0.9955810904502869
CCMD65406197ST-11-0,WirbelJ_2018,1,0.5670300722122192
CCMD66848156ST-11-0,WirbelJ_2018,0,0.1255725920200348
CCMD67373733ST-11-0,WirbelJ_2018,0,0.06917939335107803
CCMD68973846ST-11-0,WirbelJ_2018,0,0.3942054212093353
CCMD71242853ST-11-0,WirbelJ_2018,1,0.04754476249217987
CCMD71915439ST-11-0,WirbelJ_2018,1,0.9983232617378235
CCMD72666896ST-11-0,WirbelJ_2018,0,0.06620994955301285
CCMD72690923ST-11-0,WirbelJ_2018,1,0.948575496673584
CCMD73128545ST-11-0,WirbelJ_2018,0,0.0024535602424293756
CCMD74592084ST-11-0,WirbelJ_2018,0,0.0005451555480249226
CCMD75147712ST-11-0,WirbelJ_2018,0,0.07514693588018417
CCMD76222476ST-11-0,WirbelJ_2018,1,0.28551310300827026
CCMD76409700ST-11-0,WirbelJ_2018,0,0.04634760320186615
CCMD79349503ST-11-0,WirbelJ_2018,1,0.13287848234176636
CCMD85481373ST-11-0,WirbelJ_2018,0,0.11597516387701035
CCMD85661207ST-11-0,WirbelJ_2018,0,0.01148407906293869
CCMD89107682ST-11-0,WirbelJ_2018,0,0.0002460237592458725
CCMD89306485ST-11-0,WirbelJ_2018,1,0.2036474496126175
CCMD89643949ST-11-0,WirbelJ_2018,0,0.01902671717107296
CCMD89967135ST-11-0,WirbelJ_2018,0,0.5518418550491333
CCMD92404903ST-11-0,WirbelJ_2018,1,0.9925332069396973
CCMD93755960ST-11-0,WirbelJ_2018,0,0.00857916846871376
CCMD95431029ST-11-0,WirbelJ_2018,1,0.7836347222328186
CCMD95676152ST-11-0,WirbelJ_2018,1,0.9958422780036926
CCMD98198513ST-11-0,WirbelJ_2018,0,0.04092514514923096
CCMD98531134ST-11-0,WirbelJ_2018,1,0.787077009677887
CCMD98702133ST-11-0,WirbelJ_2018,0,0.05210081860423088
CCMD99440714ST-11-0,WirbelJ_2018,0,0.00862335879355669
CCMD99929634ST-11-0,WirbelJ_2018,0,0.12341843545436859
SAMD00115014,YachidaS_2019,1,0.9815139174461365
SAMD00115015,YachidaS_2019,0,0.0027840950060635805
SAMD00115025,YachidaS_2019,0,0.5224992632865906
SAMD00115027,YachidaS_2019,0,0.048673998564481735
SAMD00114971,YachidaS_2019,0,0.03587740659713745
SAMD00114972,YachidaS_2019,1,0.03504323586821556
SAMD00114968,YachidaS_2019,0,0.0019711197819560766
SAMD00114970,YachidaS_2019,0,0.15152300894260406
SAMD00115016,YachidaS_2019,0,0.8635430335998535
SAMD00115017,YachidaS_2019,0,0.02560148760676384
SAMD00115019,YachidaS_2019,0,0.08882957696914673
SAMD00115021,YachidaS_2019,1,0.5318670272827148
SAMD00115023,YachidaS_2019,0,0.0008753830334171653
SAMD00114973,YachidaS_2019,0,0.0076624732464551926
SAMD00114969,YachidaS_2019,1,0.3595583438873291
SAMD00115018,YachidaS_2019,0,0.6990296840667725
SAMD00115020,YachidaS_2019,1,0.41234126687049866
SAMD00115022,YachidaS_2019,0,0.022157851606607437
SAMD00115029,YachidaS_2019,1,0.46475210785865784
SAMD00115026,YachidaS_2019,1,0.949995756149292
SAMD00115028,YachidaS_2019,1,0.8091624975204468
SAMD00114997,YachidaS_2019,0,0.5854091048240662
SAMD00115030,YachidaS_2019,1,0.027079559862613678
SAMD00115031,YachidaS_2019,1,0.972783625125885
SAMD00115032,YachidaS_2019,0,0.7386879920959473
SAMD00115034,YachidaS_2019,1,0.09196683764457703
SAMD00115035,YachidaS_2019,1,0.9810845851898193
SAMD00114998,YachidaS_2019,0,0.9490511417388916
SAMD00115000,YachidaS_2019,1,0.9893850684165955
SAMD00114995,YachidaS_2019,0,0.008679045364260674
SAMD00114996,YachidaS_2019,0,0.14020134508609772
SAMD00115033,YachidaS_2019,0,0.07643222063779831
SAMD00114736,YachidaS_2019,0,0.4883204400539398
SAMD00114737,YachidaS_2019,1,0.3353348672389984
SAMD00114738,YachidaS_2019,1,0.9843001961708069
SAMD00114739,YachidaS_2019,1,0.997580885887146
SAMD00114744,YachidaS_2019,1,0.9484124779701233
SAMD00114745,YachidaS_2019,0,0.9167192578315735
SAMD00114746,YachidaS_2019,1,0.9253957867622375
SAMD00114747,YachidaS_2019,0,0.05071529373526573
SAMD00114748,YachidaS_2019,1,0.9500629305839539
SAMD00114832,YachidaS_2019,0,0.0129964305087924
SAMD00114740,YachidaS_2019,1,0.02163836732506752
SAMD00114741,YachidaS_2019,0,0.8338131308555603
SAMD00114833,YachidaS_2019,0,0.5619063377380371
SAMD00114742,YachidaS_2019,1,0.006672766990959644
SAMD00114743,YachidaS_2019,1,0.9686800837516785
SAMD00114757,YachidaS_2019,0,0.23573003709316254
SAMD00114759,YachidaS_2019,1,0.13356155157089233
SAMD00114760,YachidaS_2019,1,0.9948209524154663
SAMD00114834,YachidaS_2019,0,0.033774424344301224
SAMD00114761,YachidaS_2019,1,0.9931570887565613
SAMD00114762,YachidaS_2019,1,0.03144579753279686
SAMD00114763,YachidaS_2019,1,0.23048336803913116
SAMD00114815,YachidaS_2019,0,0.9755817651748657
SAMD00114764,YachidaS_2019,1,0.5850721597671509
SAMD00114974,YachidaS_2019,0,0.8592811822891235
SAMD00114755,YachidaS_2019,1,0.701919674873352
SAMD00114765,YachidaS_2019,1,0.9392989277839661
SAMD00114978,YachidaS_2019,1,0.9794206023216248
SAMD00114766,YachidaS_2019,1,0.6773057579994202
SAMD00114979,YachidaS_2019,0,0.10302751511335373
SAMD00114767,YachidaS_2019,1,0.9987843632698059
SAMD00114768,YachidaS_2019,1,0.12981897592544556
SAMD00114769,YachidaS_2019,0,0.14694854617118835
SAMD00114770,YachidaS_2019,0,0.02479425258934498
SAMD00114771,YachidaS_2019,0,0.9962169528007507
SAMD00114975,YachidaS_2019,0,0.04230641946196556
SAMD00114772,YachidaS_2019,1,0.9989535808563232
SAMD00114773,YachidaS_2019,0,0.10555733740329742
SAMD00114718,YachidaS_2019,0,0.0854351595044136
SAMD00114976,YachidaS_2019,0,0.7311258316040039
SAMD00114977,YachidaS_2019,0,0.5699556469917297
SAMD00114719,YachidaS_2019,0,0.0010253896471112967
SAMD00114720,YachidaS_2019,0,0.5300828814506531
SAMD00114721,YachidaS_2019,0,0.5527479648590088
SAMD00114722,YachidaS_2019,1,0.9958322644233704
SAMD00114984,YachidaS_2019,0,0.3209855556488037
SAMD00114723,YachidaS_2019,1,0.004716613795608282
SAMD00114724,YachidaS_2019,1,0.9449417591094971
SAMD00114800,YachidaS_2019,0,0.04170818254351616
SAMD00114982,YachidaS_2019,0,0.9364234805107117
SAMD00114793,YachidaS_2019,1,0.9965119957923889
SAMD00114794,YachidaS_2019,1,0.9903762936592102
SAMD00114795,YachidaS_2019,0,0.08474431931972504
SAMD00114986,YachidaS_2019,0,0.3207382261753082
SAMD00114796,YachidaS_2019,0,0.19232743978500366
SAMD00114987,YachidaS_2019,0,0.00549921952188015
SAMD00114797,YachidaS_2019,1,0.1688186079263687
SAMD00114798,YachidaS_2019,0,0.019315680488944054
SAMD00114799,YachidaS_2019,1,0.20571668446063995
SAMD00114753,YachidaS_2019,1,0.9993988275527954
SAMD00114754,YachidaS_2019,1,0.06373661756515503
SAMD00114989,YachidaS_2019,0,0.928747296333313
SAMD00114990,YachidaS_2019,0,0.06253527849912643
SAMD00114991,YachidaS_2019,0,0.09985267370939255
SAMD00114992,YachidaS_2019,0,0.02593301422894001
SAMD00114749,YachidaS_2019,1,0.029046716168522835
SAMD00114750,YachidaS_2019,1,0.998370349407196
SAMD00114780,YachidaS_2019,0,0.4373058080673218
SAMD00114781,YachidaS_2019,0,0.0048938533291220665
SAMD00114782,YachidaS_2019,1,0.7019113302230835
SAMD00114994,YachidaS_2019,0,0.0037893978878855705
SAMD00114774,YachidaS_2019,1,0.273017942905426
SAMD00114775,YachidaS_2019,1,0.06341157853603363
SAMD00114776,YachidaS_2019,1,0.9922921061515808
SAMD00114777,YachidaS_2019,1,0.9303094744682312
SAMD00114778,YachidaS_2019,0,0.9014636874198914
SAMD00114779,YachidaS_2019,0,0.09353393316268921
SAMD00114730,YachidaS_2019,0,0.012119176797568798
SAMD00115001,YachidaS_2019,0,0.11239980906248093
SAMD00114731,YachidaS_2019,1,0.9948408007621765
SAMD00114732,YachidaS_2019,1,0.7999931573867798
SAMD00114733,YachidaS_2019,1,0.9961414933204651
SAMD00114734,YachidaS_2019,0,0.08783175051212311
SAMD00114726,YachidaS_2019,1,0.7885631918907166
SAMD00114727,YachidaS_2019,1,0.27701786160469055
SAMD00114728,YachidaS_2019,1,0.9923487901687622
SAMD00114729,YachidaS_2019,1,0.3121098279953003
SAMD00115002,YachidaS_2019,0,0.9904204607009888
SAMD00114788,YachidaS_2019,1,0.02477128989994526
SAMD00115003,YachidaS_2019,0,0.5496034026145935
SAMD00115004,YachidaS_2019,0,0.06435538828372955
SAMD00114789,YachidaS_2019,0,0.09717842191457748
SAMD00114790,YachidaS_2019,1,0.17008288204669952
SAMD00114791,YachidaS_2019,0,0.1972551792860031
SAMD00114792,YachidaS_2019,0,0.2011527270078659
SAMD00114783,YachidaS_2019,0,0.6285512447357178
SAMD00114784,YachidaS_2019,0,0.9984951019287109
SAMD00115008,YachidaS_2019,0,0.00637463666498661
SAMD00114785,YachidaS_2019,0,0.005754931829869747
SAMD00114786,YachidaS_2019,1,0.17132677137851715
SAMD00115009,YachidaS_2019,0,0.005146774463355541
SAMD00115005,YachidaS_2019,0,0.34283754229545593
SAMD00115006,YachidaS_2019,1,0.9992786049842834
SAMD00115007,YachidaS_2019,1,0.005430998280644417
SAMD00115011,YachidaS_2019,1,0.9595714211463928
SAMD00115012,YachidaS_2019,0,0.0005982595030218363
SAMD00115013,YachidaS_2019,1,0.772005558013916
SAMD00115010,YachidaS_2019,1,0.9534116983413696
SAMD00114816,YachidaS_2019,1,0.8976404666900635
SAMD00114819,YachidaS_2019,0,0.9994620680809021
SAMD00114804,YachidaS_2019,1,0.11711081117391586
SAMD00114805,YachidaS_2019,1,0.11625578254461288
SAMD00114806,YachidaS_2019,1,0.5566617846488953
SAMD00114807,YachidaS_2019,0,0.7488981485366821
SAMD00114808,YachidaS_2019,1,0.007574337534606457
SAMD00114809,YachidaS_2019,0,0.11967193335294724
SAMD00114810,YachidaS_2019,1,0.034029435366392136
SAMD00114811,YachidaS_2019,1,0.6613805294036865
SAMD00114812,YachidaS_2019,0,0.4315836727619171
SAMD00114813,YachidaS_2019,1,0.9998490810394287
SAMD00114814,YachidaS_2019,1,0.06002577766776085
SAMD00114826,YachidaS_2019,1,0.6564319729804993
SAMD00114829,YachidaS_2019,0,0.7552830576896667
SAMD00114830,YachidaS_2019,0,0.24968686699867249
SAMD00114862,YachidaS_2019,0,0.021752208471298218
SAMD00114822,YachidaS_2019,1,0.5040733814239502
SAMD00114823,YachidaS_2019,1,0.9997733235359192
SAMD00114857,YachidaS_2019,1,0.9861495494842529
SAMD00114858,YachidaS_2019,0,0.9678809642791748
SAMD00114824,YachidaS_2019,0,0.6569190621376038
SAMD00114825,YachidaS_2019,1,0.6659399271011353
SAMD00114817,YachidaS_2019,1,0.9910176992416382
SAMD00114818,YachidaS_2019,0,0.19971194863319397
SAMD00114835,YachidaS_2019,1,0.996616542339325
SAMD00114836,YachidaS_2019,1,0.6872006058692932
SAMD00114803,YachidaS_2019,1,0.9207547307014465
SAMD00114841,YachidaS_2019,1,0.9978432655334473
SAMD00114842,YachidaS_2019,0,0.9605873823165894
SAMD00114843,YachidaS_2019,0,0.07262074202299118
SAMD00114844,YachidaS_2019,1,0.9949333071708679
SAMD00114845,YachidaS_2019,0,0.931407630443573
SAMD00114846,YachidaS_2019,1,0.7264331579208374
SAMD00114848,YachidaS_2019,1,0.9587728977203369
SAMD00114849,YachidaS_2019,1,0.5644168853759766
SAMD00114850,YachidaS_2019,0,0.05774374306201935
SAMD00114863,YachidaS_2019,1,0.9941694736480713
SAMD00114865,YachidaS_2019,0,0.990925669670105
SAMD00114852,YachidaS_2019,1,0.11455008387565613
SAMD00114867,YachidaS_2019,0,0.053032517433166504
SAMD00114868,YachidaS_2019,1,0.076276034116745
SAMD00114869,YachidaS_2019,0,0.18839019536972046
SAMD00114854,YachidaS_2019,0,0.9878260493278503
SAMD00114859,YachidaS_2019,0,0.5976847410202026
SAMD00114837,YachidaS_2019,0,0.5961005091667175
SAMD00114838,YachidaS_2019,0,0.8318743705749512
SAMD00114860,YachidaS_2019,0,0.03619532287120819
SAMD00114839,YachidaS_2019,1,0.006520448252558708
SAMD00114840,YachidaS_2019,1,0.7409862875938416
SAMD00114856,YachidaS_2019,1,0.5686854720115662
SAMD00114870,YachidaS_2019,1,0.12825480103492737
SAMD00114871,YachidaS_2019,1,0.7038004398345947
SAMD00114926,YachidaS_2019,0,0.40582236647605896
SAMD00114888,YachidaS_2019,0,0.29875001311302185
SAMD00114889,YachidaS_2019,0,0.024990733712911606
SAMD00114872,YachidaS_2019,0,0.9812104105949402
SAMD00114873,YachidaS_2019,0,0.49681589007377625
SAMD00114927,YachidaS_2019,1,0.39558643102645874
SAMD00114938,YachidaS_2019,0,0.09568213671445847
SAMD00114891,YachidaS_2019,1,0.8062141537666321
SAMD00114929,YachidaS_2019,0,0.7314256429672241
SAMD00114939,YachidaS_2019,1,0.07432686537504196
SAMD00114892,YachidaS_2019,1,0.003891653148457408
SAMD00114893,YachidaS_2019,1,0.2920064926147461
SAMD00114874,YachidaS_2019,0,0.7800711989402771
SAMD00114875,YachidaS_2019,1,0.45130255818367004
SAMD00114931,YachidaS_2019,1,0.9984416365623474
SAMD00114932,YachidaS_2019,0,0.41285964846611023
SAMD00114940,YachidaS_2019,0,0.47594204545021057
SAMD00114894,YachidaS_2019,1,0.9976887702941895
SAMD00114895,YachidaS_2019,0,0.31572267413139343
SAMD00114876,YachidaS_2019,0,0.04453820735216141
SAMD00114933,YachidaS_2019,1,0.9598731398582458
SAMD00114941,YachidaS_2019,1,0.09730128198862076
SAMD00114896,YachidaS_2019,1,0.06302928924560547
SAMD00114897,YachidaS_2019,1,0.8692950010299683
SAMD00114877,YachidaS_2019,1,0.1264842301607132
SAMD00114878,YachidaS_2019,1,0.9945500493049622
SAMD00114934,YachidaS_2019,1,0.9989051818847656
SAMD00114942,YachidaS_2019,0,0.12063107639551163
SAMD00114898,YachidaS_2019,0,0.012933037243783474
SAMD00114935,YachidaS_2019,1,0.2700147330760956
SAMD00114943,YachidaS_2019,1,0.792426347732544
SAMD00114908,YachidaS_2019,0,0.15910640358924866
SAMD00114944,YachidaS_2019,1,0.9985542893409729
SAMD00114918,YachidaS_2019,0,0.11970854550600052
SAMD00114909,YachidaS_2019,1,0.46809494495391846
SAMD00114919,YachidaS_2019,1,0.46796178817749023
SAMD00114920,YachidaS_2019,1,0.9997732043266296
SAMD00114949,YachidaS_2019,1,0.710331380367279
SAMD00114950,YachidaS_2019,0,0.0031514184083789587
SAMD00114910,YachidaS_2019,1,0.48598042130470276
SAMD00114911,YachidaS_2019,1,0.9887836575508118
SAMD00114921,YachidaS_2019,1,0.9565210342407227
SAMD00114922,YachidaS_2019,1,0.9697403311729431
SAMD00114951,YachidaS_2019,1,0.1887611746788025
SAMD00114912,YachidaS_2019,1,0.5434311032295227
SAMD00114913,YachidaS_2019,0,0.02798197977244854
SAMD00114952,YachidaS_2019,1,0.8627768158912659
SAMD00114953,YachidaS_2019,0,0.9892427325248718
SAMD00114945,YachidaS_2019,0,0.68797367811203
SAMD00114924,YachidaS_2019,1,0.1405342072248459
SAMD00114954,YachidaS_2019,1,0.9846020936965942
SAMD00114914,YachidaS_2019,1,0.9916558265686035
SAMD00114946,YachidaS_2019,1,0.9979934692382812
SAMD00114925,YachidaS_2019,1,0.49278199672698975
SAMD00114956,YachidaS_2019,1,0.41359856724739075
SAMD00114915,YachidaS_2019,1,0.9876928925514221
SAMD00114916,YachidaS_2019,1,0.27422377467155457
SAMD00114917,YachidaS_2019,1,0.9425669312477112
SAMD00114948,YachidaS_2019,1,0.7532665133476257
SAMD00114957,YachidaS_2019,1,0.01834859699010849
SAMD00114958,YachidaS_2019,1,0.13093066215515137
SAMD00114879,YachidaS_2019,1,0.9119974374771118
SAMD00114880,YachidaS_2019,0,0.15358921885490417
SAMD00114959,YachidaS_2019,0,0.3029986619949341
SAMD00114960,YachidaS_2019,1,0.7006935477256775
SAMD00114899,YachidaS_2019,0,0.4608023464679718
SAMD00114881,YachidaS_2019,0,0.5611052513122559
SAMD00114882,YachidaS_2019,0,0.5965142250061035
SAMD00114900,YachidaS_2019,0,0.003316587535664439
SAMD00114901,YachidaS_2019,0,0.9845709800720215
SAMD00114883,YachidaS_2019,1,0.9248210787773132
SAMD00114884,YachidaS_2019,1,0.4674382209777832
SAMD00114902,YachidaS_2019,1,0.7515802383422852
SAMD00114903,YachidaS_2019,1,0.5837557315826416
SAMD00114963,YachidaS_2019,0,0.027105411514639854
SAMD00114964,YachidaS_2019,1,0.8329994678497314
SAMD00114905,YachidaS_2019,1,0.9565967321395874
SAMD00114965,YachidaS_2019,1,0.7086561918258667
SAMD00114885,YachidaS_2019,0,0.060166873037815094
SAMD00114906,YachidaS_2019,0,0.12134228646755219
SAMD00114907,YachidaS_2019,1,0.9971652626991272
SAMD00114966,YachidaS_2019,1,0.9984028935432434
SAMD00114967,YachidaS_2019,0,0.8244579434394836
SAMD00114886,YachidaS_2019,1,0.34203633666038513
SAMD00164694,YachidaS_2019,1,0.5210496187210083
SAMD00164695,YachidaS_2019,1,0.9363490343093872
SAMD00136653,YachidaS_2019,0,0.9265550971031189
SAMD00164721,YachidaS_2019,1,0.44056418538093567
SAMD00164727,YachidaS_2019,0,0.0198860764503479
SAMD00164729,YachidaS_2019,0,0.33431360125541687
SAMD00164745,YachidaS_2019,1,0.8916779160499573
SAMD00164748,YachidaS_2019,0,0.7470077276229858
SAMD00154991,YachidaS_2019,0,0.30967116355895996
SAMD00164756,YachidaS_2019,0,0.994412362575531
SAMD00164758,YachidaS_2019,0,0.9993758797645569
SAMD00154992,YachidaS_2019,0,0.654406726360321
SAMD00154993,YachidaS_2019,1,0.7519023418426514
SAMD00136648,YachidaS_2019,0,0.01798878237605095
SAMD00164767,YachidaS_2019,1,0.5954210162162781
SAMD00164769,YachidaS_2019,1,0.8071221113204956
SAMD00154994,YachidaS_2019,1,0.9994754195213318
SAMD00164771,YachidaS_2019,1,0.9020724296569824
SAMD00154995,YachidaS_2019,1,0.9774356484413147
SAMD00164773,YachidaS_2019,0,0.01738142967224121
SAMD00164774,YachidaS_2019,0,0.8946748971939087
SAMD00164776,YachidaS_2019,1,0.8558670282363892
SAMD00164778,YachidaS_2019,1,0.5998752117156982
SAMD00164779,YachidaS_2019,1,0.3177022635936737
SAMD00164780,YachidaS_2019,1,0.022197265177965164
SAMD00164803,YachidaS_2019,0,0.49320662021636963
SAMD00164805,YachidaS_2019,0,0.014792362228035927
SAMD00164806,YachidaS_2019,0,0.08450523763895035
SAMD00164809,YachidaS_2019,0,0.2570374310016632
SAMD00164812,YachidaS_2019,1,0.9732598066329956
SAMD00164814,YachidaS_2019,0,0.09380517899990082
SAMD00164817,YachidaS_2019,1,0.09744983166456223
SAMD00164818,YachidaS_2019,1,0.5339159965515137
SAMD00164819,YachidaS_2019,0,0.5727367401123047
SAMD00164820,YachidaS_2019,1,0.9850046634674072
SAMD00164821,YachidaS_2019,1,0.7904641628265381
SAMD00164822,YachidaS_2019,1,0.9970763921737671
SAMD00164823,YachidaS_2019,0,0.04327627643942833
SAMD00164824,YachidaS_2019,0,0.07249412685632706
SAMD00164825,YachidaS_2019,0,0.46830740571022034
SAMD00164826,YachidaS_2019,1,0.0911959558725357
SAMD00164827,YachidaS_2019,0,0.024008572101593018
SAMD00164828,YachidaS_2019,0,0.8198611736297607
SAMD00164829,YachidaS_2019,1,0.8209365010261536
SAMD00164830,YachidaS_2019,1,0.008408189751207829
SAMD00164831,YachidaS_2019,1,0.11188413947820663
SAMD00164832,YachidaS_2019,1,0.6033424735069275
SAMD00164833,YachidaS_2019,0,0.05597919225692749
SAMD00164834,YachidaS_2019,1,0.9982156753540039
SAMD00164835,YachidaS_2019,0,0.33131012320518494
SAMD00164836,YachidaS_2019,1,0.5117442011833191
SAMD00164837,YachidaS_2019,0,0.10031250864267349
SAMD00164838,YachidaS_2019,1,0.627133846282959
SAMD00164839,YachidaS_2019,1,0.8712558150291443
SAMD00164840,YachidaS_2019,0,0.8700727224349976
SAMD00164841,YachidaS_2019,1,0.0021661382634192705
SAMD00164842,YachidaS_2019,1,0.9494713544845581
SAMD00164843,YachidaS_2019,1,0.6671015024185181
SAMD00164844,YachidaS_2019,1,0.08120978623628616
SAMD00164845,YachidaS_2019,1,0.9965962767601013
SAMD00164846,YachidaS_2019,1,0.9249900579452515
SAMD00164847,YachidaS_2019,1,0.20504480600357056
SAMD00164848,YachidaS_2019,0,0.02720555290579796
SAMD00164849,YachidaS_2019,0,0.9726914763450623
SAMD00164850,YachidaS_2019,1,0.6068995594978333
SAMD00164851,YachidaS_2019,1,0.45559707283973694
SAMD00164852,YachidaS_2019,1,0.028937682509422302
SAMD00164853,YachidaS_2019,0,0.46058398485183716
SAMD00164854,YachidaS_2019,1,0.04533308371901512
SAMD00164855,YachidaS_2019,0,0.27896788716316223
SAMD00164856,YachidaS_2019,0,0.007135620340704918
SAMD00164858,YachidaS_2019,1,0.2380412220954895
SAMD00164859,YachidaS_2019,1,0.8061355948448181
SAMD00164860,YachidaS_2019,1,0.21787944436073303
SAMD00164861,YachidaS_2019,1,0.9332630634307861
SAMD00164862,YachidaS_2019,0,0.08638954162597656
SAMD00164863,YachidaS_2019,1,0.1185990422964096
SAMD00164864,YachidaS_2019,1,0.835182249546051
SAMD00164865,YachidaS_2019,0,0.49635276198387146
SAMD00164866,YachidaS_2019,1,0.04203913360834122
SAMD00164867,YachidaS_2019,1,0.31726452708244324
SAMD00164868,YachidaS_2019,1,0.9958608746528625
SAMD00164869,YachidaS_2019,1,0.2714957594871521
SAMD00164870,YachidaS_2019,0,0.9698543548583984
SAMD00164871,YachidaS_2019,1,0.2081305980682373
SAMD00164872,YachidaS_2019,0,0.6781012415885925
SAMD00164873,YachidaS_2019,0,0.6722849607467651
SAMD00164874,YachidaS_2019,0,0.1255885511636734
SAMD00164875,YachidaS_2019,0,0.015877874568104744
SAMD00164876,YachidaS_2019,0,0.6212098002433777
SAMD00164877,YachidaS_2019,0,0.1333218365907669
SAMD00164878,YachidaS_2019,0,0.010132993571460247
SAMD00164879,YachidaS_2019,0,0.1714673638343811
SAMD00164880,YachidaS_2019,1,0.9551340341567993
SAMD00164881,YachidaS_2019,0,0.8822413086891174
SAMD00164882,YachidaS_2019,0,0.33172810077667236
SAMD00164883,YachidaS_2019,1,0.15079087018966675
SAMD00164884,YachidaS_2019,1,0.05500781536102295
SAMD00164885,YachidaS_2019,1,0.9573341608047485
SAMD00164888,YachidaS_2019,0,0.9060960412025452
SAMD00164889,YachidaS_2019,1,0.9991078972816467
SAMD00164890,YachidaS_2019,0,0.9982507824897766
SAMD00164891,YachidaS_2019,0,0.7896991968154907
SAMD00164892,YachidaS_2019,0,0.01589088886976242
SAMD00164895,YachidaS_2019,0,0.6861535310745239
SAMD00164896,YachidaS_2019,0,0.5755318999290466
SAMD00164897,YachidaS_2019,0,0.04221384599804878
SAMD00164898,YachidaS_2019,0,0.32140761613845825
SAMD00164899,YachidaS_2019,0,0.987174928188324
SAMD00164901,YachidaS_2019,0,0.1657411754131317
SAMD00164902,YachidaS_2019,0,0.02034832164645195
SAMD00164903,YachidaS_2019,1,0.1528523564338684
SAMD00164904,YachidaS_2019,0,0.018131736665964127
SAMD00164905,YachidaS_2019,1,0.4201645255088806
SAMD00164907,YachidaS_2019,1,0.017938055098056793
SAMD00164908,YachidaS_2019,0,0.20748284459114075
SAMD00164909,YachidaS_2019,0,0.5648340582847595
SAMD00164910,YachidaS_2019,1,0.47575077414512634
SAMD00164911,YachidaS_2019,0,0.5570087432861328
SAMD00164912,YachidaS_2019,1,0.4083070456981659
SAMD00164913,YachidaS_2019,1,0.07643459737300873
SAMD00164914,YachidaS_2019,0,0.033938948065042496
SAMD00164915,YachidaS_2019,0,0.8957392573356628
SAMD00164916,YachidaS_2019,0,0.08205816149711609
SAMD00164917,YachidaS_2019,0,0.041217654943466187
SAMD00164918,YachidaS_2019,0,0.052726104855537415
SAMD00164919,YachidaS_2019,1,0.9847020506858826
SAMD00164920,YachidaS_2019,0,0.021805014461278915
SAMD00164923,YachidaS_2019,0,0.36289799213409424
SAMD00164926,YachidaS_2019,0,0.2379748523235321
SAMD00164927,YachidaS_2019,0,0.0021717543713748455
SAMD00164928,YachidaS_2019,1,0.9646245837211609
SAMD00164929,YachidaS_2019,0,0.12983298301696777
SAMD00164930,YachidaS_2019,0,0.023286523297429085
SAMD00164931,YachidaS_2019,0,0.002625470981001854
SAMD00164932,YachidaS_2019,1,0.4988403916358948
SAMD00164933,YachidaS_2019,0,0.010105806402862072
SAMD00164934,YachidaS_2019,0,0.6052817702293396
SAMD00164935,YachidaS_2019,0,0.46535661816596985
SAMD00164936,YachidaS_2019,0,0.3411230146884918
SAMD00164937,YachidaS_2019,1,0.8547002077102661
SAMD00164938,YachidaS_2019,0,0.6862714290618896
SAMD00164939,YachidaS_2019,0,0.04764212295413017
SAMD00164940,YachidaS_2019,1,0.8218849897384644
SAMD00164941,YachidaS_2019,0,0.07386203110218048
SAMD00164944,YachidaS_2019,1,0.014234819449484348
SAMD00164946,YachidaS_2019,1,0.20190513134002686
SAMD00164947,YachidaS_2019,0,0.10377649962902069
SAMD00164949,YachidaS_2019,0,0.9749963283538818
SAMD00164950,YachidaS_2019,0,0.9901295304298401
SAMD00164951,YachidaS_2019,0,0.024332420900464058
SAMD00164952,YachidaS_2019,0,0.14744028449058533
SAMD00164953,YachidaS_2019,0,0.2023826390504837
SAMD00164954,YachidaS_2019,0,0.2534327507019043
SAMD00164955,YachidaS_2019,0,0.021950121968984604
SAMD00164956,YachidaS_2019,0,0.7421501874923706
SAMD00164957,YachidaS_2019,0,0.9441346526145935
SAMD00164958,YachidaS_2019,0,0.04992387443780899
SAMD00164960,YachidaS_2019,0,0.060517050325870514
SAMD00164961,YachidaS_2019,0,0.6155546307563782
SAMD00164962,YachidaS_2019,0,0.19970127940177917
SAMD00164963,YachidaS_2019,0,0.13835401833057404
SAMD00164964,YachidaS_2019,0,0.18027231097221375
SAMD00164965,YachidaS_2019,0,0.05370258167386055
SAMD00164966,YachidaS_2019,0,0.2908390462398529
SAMD00164967,YachidaS_2019,0,0.03035810962319374
SAMD00164968,YachidaS_2019,1,0.5159425139427185
SAMD00164969,YachidaS_2019,0,0.29163968563079834
SAMD00164970,YachidaS_2019,1,0.7995936274528503
SAMD00164971,YachidaS_2019,1,0.3388800323009491
SAMD00164972,YachidaS_2019,0,0.08940404653549194
SAMD00164973,YachidaS_2019,0,0.3647652268409729
SAMD00164974,YachidaS_2019,1,0.9823784232139587
SAMD00164975,YachidaS_2019,1,0.08352281898260117
SAMD00164976,YachidaS_2019,1,0.21853245794773102
SAMD00164977,YachidaS_2019,1,0.827031135559082
SAMD00164978,YachidaS_2019,1,0.9601507782936096
SAMD00164979,YachidaS_2019,1,0.306881308555603
SAMD00164980,YachidaS_2019,1,0.9860222339630127
SAMD00164981,YachidaS_2019,1,0.11361632496118546
SAMD00164982,YachidaS_2019,1,0.07547631859779358
SAMD00164983,YachidaS_2019,0,0.15672430396080017
SAMD00164984,YachidaS_2019,1,0.960238516330719
SAMD00164985,YachidaS_2019,1,0.07735118269920349
SAMD00164986,YachidaS_2019,0,0.006148794665932655
SAMD00164987,YachidaS_2019,1,0.803092360496521
SAMD00164988,YachidaS_2019,1,0.05659068375825882
SAMD00164989,YachidaS_2019,1,0.06120220944285393
SAMD00164990,YachidaS_2019,1,0.9919707775115967
SAMD00164991,YachidaS_2019,1,0.9710781574249268
SAMD00164992,YachidaS_2019,1,0.9997288584709167
SAMD00164993,YachidaS_2019,1,0.9309365749359131
SAMD00164994,YachidaS_2019,1,0.8514654040336609
SAMD00164995,YachidaS_2019,1,0.9843683838844299
SAMD00164996,YachidaS_2019,0,0.1192585751414299
SAMD00164997,YachidaS_2019,1,0.372894287109375
SAMD00164998,YachidaS_2019,1,0.9295478463172913
SAMD00164999,YachidaS_2019,0,0.011070896871387959
SAMD00165000,YachidaS_2019,1,0.5567360520362854
SAMD00165001,YachidaS_2019,0,0.033836279064416885
SAMD00165002,YachidaS_2019,1,0.0357976108789444
SAMD00165003,YachidaS_2019,1,0.997873067855835
SAMD00165004,YachidaS_2019,0,0.011755247600376606
SAMD00165005,YachidaS_2019,1,0.7510179281234741
SAMD00165006,YachidaS_2019,1,0.9959608912467957
SAMD00165007,YachidaS_2019,1,0.09624147415161133
SAMD00165008,YachidaS_2019,0,0.06658169627189636
SAMD00165009,YachidaS_2019,1,0.24912485480308533
SAMD00165010,YachidaS_2019,0,0.012181239202618599
SAMD00165011,YachidaS_2019,1,0.20291413366794586
SAMD00165012,YachidaS_2019,1,0.06225810945034027
SAMD00165014,YachidaS_2019,1,0.8921868205070496
SAMD00165015,YachidaS_2019,0,0.8096246123313904
SAMD00165016,YachidaS_2019,1,0.011652505956590176
SAMD00165017,YachidaS_2019,1,0.9968615770339966
SAMD00165018,YachidaS_2019,1,0.9915667176246643
SAMD00165019,YachidaS_2019,1,0.09745302051305771
SAMD00165020,YachidaS_2019,0,0.29658234119415283
SAMD00165021,YachidaS_2019,0,0.7450454235076904
SAMD00165022,YachidaS_2019,0,0.015135071240365505
SAMD00165023,YachidaS_2019,0,0.9467106461524963
SAMD00165024,YachidaS_2019,0,0.025206629186868668
SAMD00165025,YachidaS_2019,0,0.04526780545711517
SAMD00165026,YachidaS_2019,0,0.5223885178565979
SAMD00165027,YachidaS_2019,0,0.7379744052886963
SAMD00165028,YachidaS_2019,0,0.04901835694909096
SAMD00165029,YachidaS_2019,0,0.15581659972667694
SAMD00165030,YachidaS_2019,0,0.7567812204360962
SAMD00165031,YachidaS_2019,0,0.18498823046684265
SAMD00165032,YachidaS_2019,0,0.09967385977506638
SAMD00165033,YachidaS_2019,0,0.88876873254776
SZAXPI003409-8,YuJ_2015,1,0.9983383417129517
SZAXPI003410-3,YuJ_2015,1,0.9987825751304626
SZAXPI003411-6,YuJ_2015,1,0.991337776184082
SZAXPI003412-1,YuJ_2015,1,0.9976184964179993
SZAXPI003413-4,YuJ_2015,1,0.9930996894836426
SZAXPI003414-3,YuJ_2015,1,0.8790915608406067
SZAXPI003415-12,YuJ_2015,1,0.25886452198028564
SZAXPI003416-4,YuJ_2015,1,0.9446690082550049
SZAXPI003417-4,YuJ_2015,0,0.8208589553833008
SZAXPI003418-8,YuJ_2015,1,0.9682340025901794
SZAXPI003419-6,YuJ_2015,0,0.06861681491136551
SZAXPI003420-4,YuJ_2015,1,0.7849816679954529
SZAXPI003421-5,YuJ_2015,1,0.2536624073982239
SZAXPI003422-11,YuJ_2015,1,0.9979793429374695
SZAXPI003423-8,YuJ_2015,1,0.6350004076957703
SZAXPI003424-12,YuJ_2015,1,0.3326186239719391
SZAXPI003425-1,YuJ_2015,1,0.7995240092277527
SZAXPI003426-11,YuJ_2015,1,0.9910219311714172
SZAXPI003427-1,YuJ_2015,0,0.4159547686576843
SZAXPI003428-6,YuJ_2015,1,0.9159237742424011
SZAXPI003429-3,YuJ_2015,0,0.18600589036941528
SZAXPI003430-5,YuJ_2015,1,0.5705297589302063
SZAXPI003431-1,YuJ_2015,1,0.9996702671051025
SZAXPI003432-12,YuJ_2015,1,0.9650402069091797
SZAXPI003433-7,YuJ_2015,0,0.9857007265090942
SZAXPI003434-7,YuJ_2015,1,0.5924757122993469
SZAXPI003435-11,YuJ_2015,1,0.9991331696510315
SZAXPI003436-7,YuJ_2015,1,0.21673455834388733
SZAXPI003437-3,YuJ_2015,1,0.6216848492622375
SZAXPI015209-133,YuJ_2015,1,0.09446052461862564
SZAXPI015210-17,YuJ_2015,1,0.8356199860572815
SZAXPI015211-166,YuJ_2015,1,0.9940292835235596
SZAXPI015212-113,YuJ_2015,0,0.4100106656551361
SZAXPI015213-15,YuJ_2015,1,0.8897913098335266
SZAXPI015214-19,YuJ_2015,1,0.48175451159477234
SZAXPI015215-20,YuJ_2015,1,0.9848745465278625
SZAXPI015216-169,YuJ_2015,1,0.9878778457641602
SZAXPI015217-140,YuJ_2015,1,0.9992917776107788
SZAXPI015218-16,YuJ_2015,1,0.9923330545425415
SZAXPI015219-129,YuJ_2015,1,0.22885428369045258
SZAXPI015220-136,YuJ_2015,1,0.6296238303184509
SZAXPI015221-142,YuJ_2015,1,0.47009792923927307
SZAXPI015222-123,YuJ_2015,1,0.9468424916267395
SZAXPI015223-158,YuJ_2015,1,0.18296010792255402
SZAXPI015224-13,YuJ_2015,1,0.5119732022285461
SZAXPI015225-18,YuJ_2015,1,0.1668226718902588
SZAXPI015226-14,YuJ_2015,1,0.9997143149375916
SZAXPI015227-13,YuJ_2015,0,0.2402130514383316
SZAXPI015228-14,YuJ_2015,0,0.7408195734024048
SZAXPI015229-15,YuJ_2015,0,0.9492118954658508
SZAXPI015230-16,YuJ_2015,0,0.005466336850076914
SZAXPI015231-17,YuJ_2015,0,0.5875865817070007
SZAXPI015232-18,YuJ_2015,0,0.6634867787361145
SZAXPI015233-19,YuJ_2015,0,0.047701139003038406
SZAXPI015234-20,YuJ_2015,0,0.09790495783090591
SZAXPI015235-21,YuJ_2015,0,0.05043927952647209
SZAXPI015237-23,YuJ_2015,1,0.9997808337211609
SZAXPI015238-24,YuJ_2015,0,0.8573321104049683
SZAXPI015239-25,YuJ_2015,0,0.009229332208633423
SZAXPI015240-26,YuJ_2015,0,0.7144171595573425
SZAXPI015241-27,YuJ_2015,0,0.01766810193657875
SZAXPI015242-30,YuJ_2015,0,0.08865197002887726
SZAXPI015243-31,YuJ_2015,0,0.7469205856323242
SZAXPI015244-32,YuJ_2015,0,0.06521038711071014
SZAXPI015245-33,YuJ_2015,0,0.012814323417842388
SZAXPI015246-34,YuJ_2015,0,0.18774475157260895
SZAXPI015247-35,YuJ_2015,0,0.891185998916626
SZAXPI015248-36,YuJ_2015,0,0.012251265347003937
SZAXPI015249-37,YuJ_2015,0,0.022927816957235336
SZAXPI015250-39,YuJ_2015,0,0.9965900182723999
SZAXPI015251-41,YuJ_2015,0,0.5652506351470947
SZAXPI015252-43,YuJ_2015,0,0.015952488407492638
SZAXPI015253-44,YuJ_2015,0,0.23290716111660004
SZAXPI015254-45,YuJ_2015,0,0.31673941016197205
SZAXPI015255-46,YuJ_2015,0,0.10620932281017303
SZAXPI015256-47,YuJ_2015,0,0.7688493728637695
SZAXPI015257-56,YuJ_2015,0,0.005578991491347551
SZAXPI015258-57,YuJ_2015,0,0.01405351422727108
SZAXPI015259-62,YuJ_2015,0,0.0109150605276227
SZAXPI015260-74,YuJ_2015,0,0.09997864812612534
SZAXPI015261-75,YuJ_2015,0,0.32461249828338623
SZAXPI015262-79,YuJ_2015,0,0.15288735926151276
SZAXPI015263-84,YuJ_2015,0,0.019508400931954384
SZAXPI015264-87,YuJ_2015,0,0.07071777433156967
SZAXPI015265-88,YuJ_2015,0,0.44589266180992126
SZAXPI015266-89,YuJ_2015,0,0.011844723485410213
SZAXPI015267-102,YuJ_2015,0,0.6774691939353943
SZAXPI015268-109,YuJ_2015,0,0.15230698883533478
SZAXPI015269-94,YuJ_2015,0,0.011820893734693527
SZAXPI015270-90,YuJ_2015,0,0.11166726797819138
SZAXPI015271-93,YuJ_2015,0,0.06702030450105667
SZAXPI015272-108,YuJ_2015,0,0.0724511593580246
SZAXPI015273-95,YuJ_2015,0,0.44641920924186707
SZAXPI015274-111,YuJ_2015,0,0.9325602650642395
SZAXPI017451-16,YuJ_2015,1,0.9622644782066345
SZAXPI017452-17,YuJ_2015,1,0.8940625190734863
SZAXPI017453-19,YuJ_2015,1,0.9985833168029785
SZAXPI017454-20,YuJ_2015,1,0.7221040725708008
SZAXPI017455-21,YuJ_2015,1,0.5080664753913879
SZAXPI017456-23,YuJ_2015,1,0.2334858775138855
SZAXPI017457-24,YuJ_2015,1,0.8036231398582458
SZAXPI017458-25,YuJ_2015,1,0.11808575689792633
SZAXPI017459-26,YuJ_2015,1,0.0058389753103256226
SZAXPI017460-27,YuJ_2015,1,0.7380793690681458
SZAXPI017461-32,YuJ_2015,1,0.9959080219268799
SZAXPI017462-33,YuJ_2015,1,0.09981998801231384
SZAXPI017463-36,YuJ_2015,1,0.9982074499130249
SZAXPI017464-37,YuJ_2015,1,0.9947373270988464
SZAXPI017465-43,YuJ_2015,1,0.026389358565211296
SZAXPI017466-84,YuJ_2015,1,0.9992883801460266
SZAXPI017467-87,YuJ_2015,1,0.0018130815587937832
SZAXPI017468-88,YuJ_2015,1,0.9969922304153442
SZAXPI017580-90,YuJ_2015,1,0.9721198678016663
SZAXPI017581-93,YuJ_2015,1,0.9983457326889038
SZAXPI017582-94,YuJ_2015,1,0.9993576407432556
SZAXPI017583-102,YuJ_2015,1,0.957156777381897
SZAXPI017584-108,YuJ_2015,1,0.9996647834777832
SZAXPI017585-109,YuJ_2015,1,0.5070144534111023
SZAXPI017586-111,YuJ_2015,1,0.9974526762962341
SZAXPI017587-113,YuJ_2015,1,0.98182213306427
SZAXPI017588-123,YuJ_2015,1,0.8975368142127991
SZAXPI017589-133,YuJ_2015,1,0.9861050248146057
SZAXPI017590-136,YuJ_2015,1,0.9939029812812805
SZAXPI017591-140,YuJ_2015,0,0.004614653065800667
SZAXPI017592-142,YuJ_2015,0,0.15195469558238983
SZAXPI017593-158,YuJ_2015,1,0.38756442070007324
SZAXPI017594-166,YuJ_2015,1,0.7218611240386963
SZAXPI017595-169,YuJ_2015,1,0.990149736404419
CCIS00146684ST-4-0,ZellerG_2014,0,0.024016031995415688
CCIS00281083ST-3-0,ZellerG_2014,0,0.022437235340476036
CCIS02124300ST-4-0,ZellerG_2014,0,0.3411013185977936
CCIS02379307ST-4-0,ZellerG_2014,1,0.9934355020523071
CCIS02856720ST-4-0,ZellerG_2014,0,0.16375908255577087
CCIS03473770ST-4-0,ZellerG_2014,0,0.727963387966156
CCIS03857607ST-4-0,ZellerG_2014,0,0.791439414024353
CCIS05314658ST-4-0,ZellerG_2014,0,0.06436028331518173
CCIS06260551ST-3-0,ZellerG_2014,1,0.9646835327148438
CCIS07277498ST-4-0,ZellerG_2014,0,0.013399088755249977
CCIS07539127ST-4-0,ZellerG_2014,0,0.40294355154037476
CCIS07648107ST-4-0,ZellerG_2014,0,0.31380805373191833
CCIS09568613ST-4-0,ZellerG_2014,0,0.9738157987594604
CCIS10706551ST-3-0,ZellerG_2014,0,0.006096591707319021
CCIS11015875ST-4-0,ZellerG_2014,1,0.9995421171188354
CCIS11354283ST-4-0,ZellerG_2014,0,0.20398280024528503
CCIS11362406ST-4-0,ZellerG_2014,0,0.9957966804504395
CCIS11558985ST-4-0,ZellerG_2014,0,0.041002869606018066
CCIS12370844ST-4-0,ZellerG_2014,1,0.7332838177680969
CCIS12656533ST-4-0,ZellerG_2014,1,0.9975411891937256
CCIS13047523ST-4-0,ZellerG_2014,0,0.856115460395813
CCIS14449628ST-4-0,ZellerG_2014,1,0.9986181259155273
CCIS15704761ST-4-0,ZellerG_2014,1,0.8892592191696167
CCIS15794887ST-4-0,ZellerG_2014,0,0.04350459948182106
CCIS16326685ST-4-0,ZellerG_2014,0,0.8413262963294983
CCIS16383318ST-4-0,ZellerG_2014,0,0.9776803851127625
CCIS16561622ST-4-0,ZellerG_2014,0,0.9326702952384949
CCIS17669415ST-4-0,ZellerG_2014,1,0.9568381905555725
CCIS20795251ST-4-0,ZellerG_2014,0,0.3167039155960083
CCIS21126322ST-4-0,ZellerG_2014,0,0.04245468229055405
CCIS21278152ST-4-0,ZellerG_2014,1,0.9978613257408142
CCIS22416007ST-4-0,ZellerG_2014,1,0.6060301065444946
CCIS22958137ST-20-0,ZellerG_2014,1,0.9993720650672913
CCIS23164343ST-4-0,ZellerG_2014,0,0.023012518882751465
CCIS24254057ST-4-0,ZellerG_2014,1,0.8185968399047852
CCIS27304052ST-3-0,ZellerG_2014,0,0.003247673623263836
CCIS27927933ST-4-0,ZellerG_2014,0,0.8058204054832458
CCIS29210128ST-4-0,ZellerG_2014,0,0.255709171295166
CCIS29688262ST-20-0,ZellerG_2014,0,0.8603259325027466
CCIS32452666ST-4-0,ZellerG_2014,0,0.30363228917121887
CCIS33816588ST-4-0,ZellerG_2014,1,0.99991774559021
CCIS34055159ST-4-0,ZellerG_2014,1,0.9897024631500244
CCIS34604008ST-4-0,ZellerG_2014,0,0.3594369888305664
CCIS35100175ST-4-0,ZellerG_2014,1,0.9994150400161743
CCIS36699628ST-4-0,ZellerG_2014,0,0.23923292756080627
CCIS36797902ST-4-0,ZellerG_2014,0,0.999134361743927
CCIS38765456ST-20-0,ZellerG_2014,1,0.997848629951477
CCIS40244499ST-3-0,ZellerG_2014,1,0.9953232407569885
CCIS41222843ST-4-0,ZellerG_2014,1,0.3951640725135803
CCIS41288781ST-4-0,ZellerG_2014,1,0.03908674418926239
CCIS41548810ST-4-0,ZellerG_2014,1,0.13092398643493652
CCIS41692898ST-4-0,ZellerG_2014,0,0.4977489113807678
CCIS44093303ST-4-0,ZellerG_2014,0,0.7355135083198547
CCIS44757994ST-4-0,ZellerG_2014,1,0.9143606424331665
CCIS45571137ST-3-0,ZellerG_2014,0,0.08881624042987823
CCIS45793747ST-4-0,ZellerG_2014,0,0.33799633383750916
CCIS46047672ST-4-0,ZellerG_2014,1,0.9725366234779358
CCIS46467422ST-4-0,ZellerG_2014,1,0.0059188660234212875
CCIS47284573ST-4-0,ZellerG_2014,1,0.013675333932042122
CCIS48174381ST-4-0,ZellerG_2014,0,0.6167199015617371
CCIS48725289ST-4-0,ZellerG_2014,1,0.13852764666080475
CCIS50003399ST-4-0,ZellerG_2014,0,0.03665921092033386
CCIS50148151ST-4-0,ZellerG_2014,1,0.9269915819168091
CCIS50471204ST-4-0,ZellerG_2014,0,0.698154091835022
CCIS51595129ST-4-0,ZellerG_2014,0,0.01728006638586521
CCIS52370277ST-4-0,ZellerG_2014,1,0.9947924017906189
CCIS53043478ST-4-0,ZellerG_2014,1,0.9998747110366821
CCIS53355328ST-4-0,ZellerG_2014,1,0.8926326036453247
CCIS55230578ST-4-0,ZellerG_2014,1,0.9941743016242981
CCIS58234805ST-4-0,ZellerG_2014,1,0.9995773434638977
CCIS59132091ST-4-0,ZellerG_2014,1,0.9318772554397583
CCIS61287323ST-4-0,ZellerG_2014,1,0.993391752243042
CCIS62605362ST-3-0,ZellerG_2014,1,0.999235987663269
CCIS62794166ST-4-0,ZellerG_2014,1,0.8368533849716187
CCIS63448910ST-4-0,ZellerG_2014,0,0.9196352958679199
CCIS63468405ST-4-0,ZellerG_2014,0,0.9397710561752319
CCIS63910149ST-4-0,ZellerG_2014,0,0.15078264474868774
CCIS64773582ST-4-0,ZellerG_2014,0,0.03343961760401726
CCIS64785924ST-20-0,ZellerG_2014,0,0.013506571762263775
CCIS65479369ST-4-0,ZellerG_2014,1,0.9973650574684143
CCIS71301801ST-4-0,ZellerG_2014,1,0.9987621307373047
CCIS71578391ST-4-0,ZellerG_2014,0,0.6562708616256714
CCIS72607085ST-4-0,ZellerG_2014,1,0.5487865805625916
CCIS74239020ST-4-0,ZellerG_2014,0,0.7262772917747498
CCIS76845094ST-20-0,ZellerG_2014,1,0.9991028308868408
CCIS77252613ST-4-0,ZellerG_2014,1,0.6772745847702026
CCIS78100604ST-4-0,ZellerG_2014,0,0.050931427627801895
CCIS78318719ST-4-0,ZellerG_2014,1,0.9346374869346619
CCIS79210440ST-3-0,ZellerG_2014,0,0.8739170432090759
CCIS80834637ST-4-0,ZellerG_2014,0,0.8024522066116333
CCIS81139242ST-4-0,ZellerG_2014,0,0.6392627358436584
CCIS81887263ST-4-0,ZellerG_2014,1,0.9913865327835083
CCIS82146115ST-4-0,ZellerG_2014,1,0.9470131993293762
CCIS82507866ST-3-0,ZellerG_2014,0,0.04115687683224678
CCIS82944710ST-20-0,ZellerG_2014,0,0.07855832576751709
CCIS83870198ST-4-0,ZellerG_2014,1,0.24026702344417572
CCIS84543192ST-4-0,ZellerG_2014,1,0.9266267418861389
CCIS85214191ST-3-0,ZellerG_2014,1,0.9813635349273682
CCIS87116798ST-4-0,ZellerG_2014,1,0.9782745242118835
CCIS87167916ST-4-0,ZellerG_2014,1,0.665087103843689
CCIS87252800ST-4-0,ZellerG_2014,1,0.7908025979995728
CCIS87605453ST-4-0,ZellerG_2014,1,0.5801921486854553
CCIS88007743ST-4-0,ZellerG_2014,0,0.8524753451347351
CCIS88317640ST-4-0,ZellerG_2014,0,0.987093985080719
CCIS90164298ST-4-0,ZellerG_2014,0,0.07152370363473892
CCIS91228662ST-4-0,ZellerG_2014,1,0.9989708662033081
CCIS93040568ST-20-0,ZellerG_2014,0,0.26649731397628784
CCIS94417875ST-3-0,ZellerG_2014,0,0.02582070231437683
CCIS94603952ST-4-0,ZellerG_2014,0,0.0014349690172821283
CCIS95097901ST-4-0,ZellerG_2014,0,0.09084858000278473
CCIS95409808ST-4-0,ZellerG_2014,0,0.3316698670387268
CCIS98482370ST-3-0,ZellerG_2014,0,0.007328749168664217
CCIS98512455ST-4-0,ZellerG_2014,1,0.9321175813674927
CCIS98832363ST-4-0,ZellerG_2014,1,0.1714080572128296
