feature,mean_abs_shap
k__Bacteria|p__Firmicutes|c__Bacilli|o__Bacillales|f__Bacillales_unclassified|g__Gemella|s__Gemella_morbillorum,0.5174695
k__Bacteria|p__Firmicutes|c__Tissierellia|o__Tissierellales|f__Peptoniphilaceae|g__Parvimonas|s__Parvimonas_micra,0.439194
k__Bacteria|p__Firmicutes|c__Clostridia|o__Clostridiales|f__Peptostreptococcaceae|g__Peptostreptococcus|s__Peptostreptococcus_stomatis,0.32145873
k__Bacteria|p__Firmicutes|c__Bacilli|o__Lactobacillales|f__Streptococcaceae|g__Streptococcus|s__Streptococcus_salivarius,0.30758077
k__Bacteria|p__Fusobacteria|c__Fusobacteriia|o__Fusobacteriales|f__Fusobacteriaceae|g__Fusobacterium|s__Fusobacterium_nucleatum,0.29817793
k__Bacteria|p__Firmicutes|c__Clostridia|o__Clostridiales|f__Eubacteriaceae|g__Eubacterium|s__Eubacterium_eligens,0.23142694
k__Bacteria|p__Firmicutes|c__Clostridia|o__Clostridiales|f__Lachnospiraceae|g__Roseburia|s__Roseburia_faecis,0.18013565
k__Bacteria|p__Actinobacteria|c__Coriobacteriia|o__Coriobacteriales|f__Coriobacteriaceae|g__Collinsella|s__Collinsella_aerofaciens,0.17962559
PWY-6151: S-adenosyl-L-methionine cycle I,0.179011
PWY0-162: superpathway of pyrimidine ribonucleotides de novo biosynthesis,0.1547642
k__Bacteria|p__Firmicutes|c__Clostridia|o__Clostridiales|f__Ruminococcaceae|g__Flavonifractor|s__Flavonifractor_plautii,0.15029193
k__Bacteria|p__Bacteroidetes|c__Bacteroidia|o__Bacteroidales|f__Bacteroidaceae|g__Bacteroides|s__Bacteroides_caccae,0.147164
k__Bacteria|p__Firmicutes|c__Clostridia|o__Clostridiales|f__Lachnospiraceae|g__Roseburia|s__Roseburia_hominis,0.14583565
k__Bacteria|p__Firmicutes|c__Erysipelotrichia|o__Erysipelotrichales|f__Erysipelotrichaceae|g__Holdemania|s__Holdemania_filiformis,0.14146598
k__Bacteria|p__Firmicutes|c__Clostridia|o__Clostridiales|f__Lachnospiraceae|g__Lachnospiraceae_unclassified|s__Eubacterium_rectale,0.13773227
k__Bacteria|p__Firmicutes|c__Clostridia|o__Clostridiales|f__Lachnospiraceae|g__Roseburia|s__Roseburia_intestinalis,0.13424511
k__Bacteria|p__Firmicutes|c__Negativicutes|o__Veillonellales|f__Veillonellaceae|g__Dialister|s__Dialister_pneumosintes,0.1277637
k__Bacteria|p__Bacteroidetes|c__Bacteroidia|o__Bacteroidales|f__Bacteroidaceae|g__Bacteroides|s__Bacteroides_plebeius,0.12575673
k__Bacteria|p__Firmicutes|c__Negativicutes|o__Veillonellales|f__Veillonellaceae|g__Veillonella|s__Veillonella_atypica,0.12111504
k__Bacteria|p__Actinobacteria|c__Actinobacteria|o__Actinomycetales|f__Actinomycetaceae|g__Actinomyces|s__Actinomyces_sp_HMSC035G02,0.11981191
PWY-5505: L-glutamate and L-glutamine biosynthesis,0.11884597
PWY490-3: nitrate reduction VI (assimilatory),0.118503936
k__Bacteria|p__Firmicutes|c__Clostridia|o__Clostridiales|f__Lachnospiraceae|g__Dorea|s__Dorea_formicigenerans,0.11486902
k__Bacteria|p__Firmicutes|c__Clostridia|o__Clostridiales|f__Lachnospiraceae|g__Blautia|s__Ruminococcus_torques,0.11450961
PWY-6305: putrescine biosynthesis IV,0.11410572
PWY-6969: TCA cycle V (2-oxoglutarate:ferredoxin oxidoreductase),0.11312838
PWY-7328: superpathway of UDP-glucose-derived O-antigen building blocks biosynthesis,0.11306163
k__Bacteria|p__Firmicutes|c__Clostridia|o__Clostridiales|f__Eubacteriaceae|g__Eubacterium|s__Eubacterium_ventriosum,0.11111984
k__Bacteria|p__Firmicutes|c__Clostridia|o__Clostridiales|f__Lachnospiraceae|g__Blautia|s__Blautia_sp_CAG_257,0.11083354
k__Bacteria|p__Firmicutes|c__Negativicutes|o__Veillonellales|f__Veillonellaceae|g__Veillonella|s__Veillonella_parvula,0.10623576
k__Bacteria|p__Firmicutes|c__Clostridia|o__Clostridiales|f__Ruminococcaceae|g__Agathobaculum|s__Agathobaculum_butyriciproducens,0.105759785
k__Bacteria|p__Bacteroidetes|c__Bacteroidia|o__Bacteroidales|f__Rikenellaceae|g__Alistipes|s__Alistipes_finegoldii,0.100085795
k__Bacteria|p__Actinobacteria|c__Actinobacteria|o__Bifidobacteriales|f__Bifidobacteriaceae|g__Bifidobacterium|s__Bifidobacterium_catenulatum,0.097710185
k__Bacteria|p__Bacteroidetes|c__Bacteroidia|o__Bacteroidales|f__Bacteroidaceae|g__Bacteroides|s__Bacteroides_intestinalis,0.09631922
k__Bacteria|p__Firmicutes|c__Negativicutes|o__Veillonellales|f__Veillonellaceae|g__Allisonella|s__Allisonella_histaminiformans,0.09602183
k__Bacteria|p__Firmicutes|c__Bacilli|o__Lactobacillales|f__Streptococcaceae|g__Streptococcus|s__Streptococcus_thermophilus,0.092947595
k__Bacteria|p__Bacteroidetes|c__Bacteroidia|o__Bacteroidales|f__Bacteroidaceae|g__Bacteroides|s__Bacteroides_thetaiotaomicron,0.09281338
"PWY-7115: C4 photosynthetic carbon assimilation cycle, NAD-ME type",0.09232319
k__Bacteria|p__Firmicutes|c__Clostridia|o__Clostridiales|f__Ruminococcaceae|g__Faecalibacterium|s__Faecalibacterium_prausnitzii,0.0922966
k__Bacteria|p__Firmicutes|c__Clostridia|o__Clostridiales|f__Eubacteriaceae|g__Eubacterium|s__Eubacterium_sp_CAG_180,0.0886302
HEMESYN2-PWY: heme biosynthesis II (anaerobic),0.08845601
k__Bacteria|p__Proteobacteria|c__Proteobacteria_unclassified|o__Proteobacteria_unclassified|f__Proteobacteria_unclassified|g__Proteobacteria_unclassified|s__Proteobacteria_bacterium_CAG_139,0.0883646
CENTFERM-PWY: pyruvate fermentation to butanoate,0.088056535
k__Bacteria|p__Firmicutes|c__Clostridia|o__Clostridiales|f__Clostridiales_Family_XIII_Incertae_Sedis|g__Mogibacterium|s__Mogibacterium_diversum,0.0875208
k__Bacteria|p__Firmicutes|c__Clostridia|o__Clostridiales|f__Ruminococcaceae|g__Ruthenibacterium|s__Ruthenibacterium_lactatiformans,0.087094195
NAD-BIOSYNTHESIS-II: NAD salvage pathway II,0.08636106
k__Bacteria|p__Firmicutes|c__Clostridia|o__Clostridiales|f__Lachnospiraceae|g__Anaerostipes|s__Anaerostipes_hadrus,0.08610758
PWY0-1319: CDP-diacylglycerol biosynthesis II,0.08576706
PWY-6936: seleno-amino acid biosynthesis,0.08415526
k__Bacteria|p__Actinobacteria|c__Actinobacteria|o__Micrococcales|f__Micrococcaceae|g__Rothia|s__Rothia_mucilaginosa,0.0826157
k__Bacteria|p__Firmicutes|c__Clostridia|o__Clostridiales|f__Lachnospiraceae|g__Lachnoclostridium|s__Clostridium_aldenense,0.08120208
PWY-4981: L-proline biosynthesis II (from arginine),0.0808436
HISDEG-PWY: L-histidine degradation I,0.08068997
PWY-6700: queuosine biosynthesis,0.07961243
k__Bacteria|p__Firmicutes|c__Clostridia|o__Clostridiales|f__Lachnospiraceae|g__Coprococcus|s__Coprococcus_catus,0.07909813
k__Bacteria|p__Firmicutes|c__Clostridia|o__Clostridiales|f__Lachnospiraceae|g__Lachnospira|s__Lachnospira_pectinoschiza,0.078922436
k__Bacteria|p__Firmicutes|c__Erysipelotrichia|o__Erysipelotrichales|f__Erysipelotrichaceae|g__Solobacterium|s__Solobacterium_moorei,0.07835511
PWY-5104: L-isoleucine biosynthesis IV,0.07818453
PWY0-1298: superpathway of pyrimidine deoxyribonucleosides degradation,0.07706324
PWY-6415: L-ascorbate biosynthesis V,0.075915806
k__Bacteria|p__Firmicutes|c__Clostridia|o__Clostridiales|f__Ruminococcaceae|g__Anaerotruncus|s__Anaerotruncus_colihominis,0.07524076
PWY-3781: aerobic respiration I (cytochrome c),0.07310906
k__Bacteria|p__Bacteroidetes|c__Bacteroidia|o__Bacteroidales|f__Tannerellaceae|g__Parabacteroides|s__Parabacteroides_distasonis,0.0725709
k__Bacteria|p__Bacteroidetes|c__Bacteroidia|o__Bacteroidales|f__Rikenellaceae|g__Alistipes|s__Alistipes_putredinis,0.071280375
REDCITCYC: TCA cycle VIII (helicobacter),0.071135856
"PWY-7383: anaerobic energy metabolism (invertebrates, cytosol)",0.0706975
COBALSYN-PWY: adenosylcobalamin salvage from cobinamide I,0.07035052
k__Bacteria|p__Firmicutes|c__Bacilli|o__Lactobacillales|f__Streptococcaceae|g__Streptococcus|s__Streptococcus_mitis,0.069795996
PWY-6703: preQ0 biosynthesis,0.069575794
PWY-6895: superpathway of thiamin diphosphate biosynthesis II,0.069522694
"P125-PWY: superpathway of (R,R)-butanediol biosynthesis",0.069364555
PWY-6590: superpathway of Clostridium acetobutylicum acidogenic fermentation,0.06871015
HISTSYN-PWY: L-histidine biosynthesis,0.068342276
k__Archaea|p__Euryarchaeota|c__Methanobacteria|o__Methanobacteriales|f__Methanobacteriaceae|g__Methanobrevibacter|s__Methanobrevibacter_smithii,0.06831833
PWY66-398: TCA cycle III (animals),0.067412384
k__Bacteria|p__Firmicutes|c__Bacilli|o__Lactobacillales|f__Streptococcaceae|g__Streptococcus|s__Streptococcus_parasanguinis,0.06689516
UNINTEGRATED,0.06660308
PWY-5088: L-glutamate degradation VIII (to propanoate),0.06398983
k__Bacteria|p__Actinobacteria|c__Coriobacteriia|o__Eggerthellales|f__Eggerthellaceae|g__Gordonibacter|s__Gordonibacter_pamelaeae,0.06383714
BIOTIN-BIOSYNTHESIS-PWY: biotin biosynthesis I,0.062442336
k__Bacteria|p__Firmicutes|c__Clostridia|o__Clostridiales|f__Ruminococcaceae|g__Ruminococcus|s__Ruminococcus_bicirculans,0.06234173
"PWY-6318: L-phenylalanine degradation IV (mammalian, via side chain)",0.062076617
PWY-6545: pyrimidine deoxyribonucleotides de novo biosynthesis III,0.061547767
PWY-6263: superpathway of menaquinol-8 biosynthesis II,0.061085384
k__Bacteria|p__Proteobacteria|c__Gammaproteobacteria|o__Pasteurellales|f__Pasteurellaceae|g__Haemophilus|s__Haemophilus_parainfluenzae,0.060748275
P42-PWY: incomplete reductive TCA cycle,0.060077295
k__Bacteria|p__Firmicutes|c__Clostridia|o__Clostridiales|f__Clostridiales_unclassified|g__Intestinimonas|s__Intestinimonas_butyriciproducens,0.059692353
PWY-7357: thiamin formation from pyrithiamine and oxythiamine (yeast),0.059542786
k__Bacteria|p__Firmicutes|c__Firmicutes_unclassified|o__Firmicutes_unclassified|f__Firmicutes_unclassified|g__Firmicutes_unclassified|s__Firmicutes_bacterium_CAG_110,0.05935923
k__Bacteria|p__Bacteroidetes|c__Bacteroidia|o__Bacteroidales|f__Tannerellaceae|g__Parabacteroides|s__Parabacteroides_goldsteinii,0.059115905
"PWY-7013: L-1,2-propanediol degradation",0.056827832
PWY-6901: superpathway of glucose and xylose degradation,0.05647753
PWY-5659: GDP-mannose biosynthesis,0.055349763
FUCCAT-PWY: fucose degradation,0.054642156
PWY-5677: succinate fermentation to butanoate,0.05445332
k__Bacteria|p__Firmicutes|c__Clostridia|o__Clostridiales|f__Eubacteriaceae|g__Eubacterium|s__Eubacterium_sp_CAG_38,0.05378335
k__Bacteria|p__Firmicutes|c__Clostridia|o__Clostridiales|f__Clostridiaceae|g__Clostridium|s__Clostridium_sp_CAG_58,0.053338744
PWY0-1479: tRNA processing,0.053176656
k__Bacteria|p__Actinobacteria|c__Coriobacteriia|o__Eggerthellales|f__Eggerthellaceae|g__Adlercreutzia|s__Adlercreutzia_equolifaciens,0.0528702
k__Bacteria|p__Firmicutes|c__Clostridia|o__Clostridiales|f__Lachnospiraceae|g__Blautia|s__Blautia_producta,0.052276775
k__Bacteria|p__Firmicutes|c__Bacilli|o__Bacillales|f__Bacillales_unclassified|g__Gemella|s__Gemella_sanguinis,0.05186967
PWY-5913: TCA cycle VI (obligate autotrophs),0.050870165
UNMAPPED,0.05041264
PWY66-389: phytol degradation,0.049990837
NONMEVIPP-PWY: methylerythritol phosphate pathway I,0.04880546
PWY-2942: L-lysine biosynthesis III,0.047895174
PWY-5973: cis-vaccenate biosynthesis,0.04774009
PWY-6588: pyruvate fermentation to acetone,0.047715895
PWY-5941: glycogen degradation II (eukaryotic),0.046721593
PWY-6507: 4-deoxy-L-threo-hex-4-enopyranuronate degradation,0.046568427
k__Bacteria|p__Bacteroidetes|c__Bacteroidia|o__Bacteroidales|f__Barnesiellaceae|g__Coprobacter|s__Coprobacter_fastidiosus,0.045610126
GLYCOLYSIS-E-D: superpathway of glycolysis and Entner-Doudoroff,0.04533613
PWY-7209: superpathway of pyrimidine ribonucleosides degradation,0.04454839
k__Bacteria|p__Bacteroidetes|c__Bacteroidia|o__Bacteroidales|f__Bacteroidaceae|g__Bacteroides|s__Bacteroides_galacturonicus,0.04448463
PWY-6284: superpathway of unsaturated fatty acids biosynthesis (E. coli),0.044091016
k__Bacteria|p__Actinobacteria|c__Actinobacteria|o__Bifidobacteriales|f__Bifidobacteriaceae|g__Bifidobacterium|s__Bifidobacterium_adolescentis,0.043960437
PWY-5177: glutaryl-CoA degradation,0.04393964
PWY-6891: thiazole biosynthesis II (Bacillus),0.043622456
PWY-1861: formaldehyde assimilation II (RuMP Cycle),0.043426763
PWY-7229: superpathway of adenosine nucleotides de novo biosynthesis I,0.043405995
k__Bacteria|p__Actinobacteria|c__Coriobacteriia|o__Eggerthellales|f__Eggerthellaceae|g__Asaccharobacter|s__Asaccharobacter_celatus,0.042863887
PWY66-399: gluconeogenesis III,0.042405047
PWY-6737: starch degradation V,0.041959163
"ARGORNPROST-PWY: arginine, ornithine and proline interconversion",0.041951563
PWY-1269: CMP-3-deoxy-D-manno-octulosonate biosynthesis I,0.041904394
k__Bacteria|p__Bacteroidetes|c__Bacteroidia|o__Bacteroidales|f__Bacteroidaceae|g__Bacteroides|s__Bacteroides_fragilis,0.04175794
PWY-5994: palmitate biosynthesis I (animals and fungi),0.041655056
RUMP-PWY: formaldehyde oxidation I,0.041491892
PWY-7220: adenosine deoxyribonucleotides de novo biosynthesis II,0.04138685
FOLSYN-PWY: superpathway of tetrahydrofolate biosynthesis and salvage,0.04108331
GLUCUROCAT-PWY: superpathway of &beta;-D-glucuronide and D-glucuronate degradation,0.04075461
k__Bacteria|p__Firmicutes|c__Clostridia|o__Clostridiales|f__Ruminococcaceae|g__Ruminococcaceae_unclassified|s__Ruminococcaceae_bacterium_D5,0.040524535
k__Bacteria|p__Firmicutes|c__Clostridia|o__Clostridiales|f__Ruminococcaceae|g__Anaeromassilibacillus|s__Anaeromassilibacillus_sp_An250,0.040479757
k__Bacteria|p__Firmicutes|c__Clostridia|o__Clostridiales|f__Ruminococcaceae|g__Ruminococcaceae_unclassified|s__Ruminococcaceae_bacterium_D16,0.04026285
k__Bacteria|p__Firmicutes|c__Clostridia|o__Clostridiales|f__Lachnospiraceae|g__Roseburia|s__Roseburia_inulinivorans,0.04012226
PWY-5097: L-lysine biosynthesis VI,0.040107083
"PWY-7288: fatty acid &beta;-oxidation (peroxisome, yeast)",0.040103536
PWY-6897: thiamin salvage II,0.04002978
PWY-6892: thiazole biosynthesis I (E. coli),0.039558146
PWY-6876: isopropanol biosynthesis,0.03954006
"PWY-6953: dTDP-3-acetamido-3,6-dideoxy-&alpha;-D-galactose biosynthesis",0.03899027
k__Bacteria|p__Firmicutes|c__Clostridia|o__Clostridiales|f__Ruminococcaceae|g__Ruminococcus|s__Ruminococcus_bromii,0.038891353
PWY-6285: superpathway of fatty acids biosynthesis (E. coli),0.038551264
k__Bacteria|p__Actinobacteria|c__Coriobacteriia|o__Coriobacteriales|f__Atopobiaceae|g__Atopobium|s__Atopobium_parvulum,0.037909195
PWY-7616: methanol oxidation to carbon dioxide,0.037877765
PWY-6471: peptidoglycan biosynthesis IV (Enterococcus faecium),0.03753238
PWY0-1261: anhydromuropeptides recycling,0.03709314
k__Bacteria|p__Firmicutes|c__Bacilli|o__Lactobacillales|f__Streptococcaceae|g__Streptococcus|s__Streptococcus_oralis,0.03692397
GLUDEG-I-PWY: GABA shunt,0.03673584
PWY66-367: ketogenesis,0.03648747
"PWY-5464: superpathway of cytosolic glycolysis (plants), pyruvate dehydrogenase and TCA cycle",0.036467277
PWY-7312: dTDP-D-&beta;-fucofuranose biosynthesis,0.036333438
k__Bacteria|p__Bacteroidetes|c__Bacteroidia|o__Bacteroidales|f__Bacteroidaceae|g__Bacteroides|s__Bacteroides_stercoris,0.036271047
k__Bacteria|p__Firmicutes|c__Negativicutes|o__Acidaminococcales|f__Acidaminococcaceae|g__Phascolarctobacterium|s__Phascolarctobacterium_faecium,0.03612182
k__Bacteria|p__Bacteroidetes|c__Bacteroidia|o__Bacteroidales|f__Bacteroidaceae|g__Bacteroides|s__Bacteroides_uniformis,0.035997674
k__Bacteria|p__Firmicutes|c__Clostridia|o__Clostridiales|f__Ruminococcaceae|g__Ruminococcaceae_unclassified|s__Eubacterium_siraeum,0.03588086
BRANCHED-CHAIN-AA-SYN-PWY: superpathway of branched amino acid biosynthesis,0.03582975
METHGLYUT-PWY: superpathway of methylglyoxal degradation,0.035685387
k__Bacteria|p__Firmicutes|c__Firmicutes_unclassified|o__Firmicutes_unclassified|f__Firmicutes_unclassified|g__Firmicutes_unclassified|s__Firmicutes_bacterium_CAG_83,0.03534234
PWY-6147: 6-hydroxymethyl-dihydropterin diphosphate biosynthesis I,0.035261236
k__Bacteria|p__Firmicutes|c__Clostridia|o__Clostridiales|f__Lachnospiraceae|g__Dorea|s__Dorea_sp_CAG_317,0.035154045
PWY-5154: L-arginine biosynthesis III (via N-acetyl-L-citrulline),0.035079952
PWY-5189: tetrapyrrole biosynthesis II (from glycine),0.035030752
"PWY-7237: myo-, chiro- and scillo-inositol degradation",0.034984387
PWY-7196: superpathway of pyrimidine ribonucleosides salvage,0.034722917
PWY-6168: flavin biosynthesis III (fungi),0.03464332
ARGININE-SYN4-PWY: L-ornithine de novo  biosynthesis,0.03463867
PWY-7197: pyrimidine deoxyribonucleotide phosphorylation,0.034345936
k__Bacteria|p__Bacteroidetes|c__Bacteroidia|o__Bacteroidales|f__Bacteroidaceae|g__Bacteroides|s__Bacteroides_ovatus,0.03390977
ARG+POLYAMINE-SYN: superpathway of arginine and polyamine biosynthesis,0.033730175
k__Bacteria|p__Firmicutes|c__Clostridia|o__Clostridiales|f__Christensenellaceae|g__Christensenella|s__Christensenella_minuta,0.03345254
k__Bacteria|p__Bacteroidetes|c__Bacteroidia|o__Bacteroidales|f__Odoribacteraceae|g__Butyricimonas|s__Butyricimonas_virosa,0.033269446
PWY-5676: acetyl-CoA fermentation to butanoate II,0.032831702
k__Bacteria|p__Firmicutes|c__Clostridia|o__Clostridiales|f__Lachnospiraceae|g__Eisenbergiella|s__Eisenbergiella_tayi,0.03271915
k__Bacteria|p__Bacteroidetes|c__Bacteroidia|o__Bacteroidales|f__Odoribacteraceae|g__Odoribacter|s__Odoribacter_splanchnicus,0.032423403
PWY-7316: dTDP-N-acetylviosamine biosynthesis,0.03241986
k__Bacteria|p__Bacteroidetes|c__Bacteroidia|o__Bacteroidales|f__Prevotellaceae|g__Prevotella|s__Prevotella_copri,0.032156866
P185-PWY: formaldehyde assimilation III (dihydroxyacetone cycle),0.031866316
k__Bacteria|p__Firmicutes|c__Clostridia|o__Clostridiales|f__Oscillospiraceae|g__Oscillibacter|s__Oscillibacter_sp_57_20,0.03124412
PWY4FS-7: phosphatidylglycerol biosynthesis I (plastidic),0.030914655
ALLANTOINDEG-PWY: superpathway of allantoin degradation in yeast,0.030716237
"PWY-6837: fatty acid beta-oxidation V (unsaturated, odd number, di-isomerase-dependent)",0.03069329
k__Bacteria|p__Firmicutes|c__Clostridia|o__Clostridiales|f__Clostridiaceae|g__Clostridium|s__Clostridium_sp_CAG_299,0.030667664
PWY-7003: glycerol degradation to butanol,0.030650796
PWY-7392: taxadiene biosynthesis (engineered),0.030630367
ASPASN-PWY: superpathway of L-aspartate and L-asparagine biosynthesis,0.030452393
OANTIGEN-PWY: O-antigen building blocks biosynthesis (E. coli),0.030294335
TEICHOICACID-PWY: teichoic acid (poly-glycerol) biosynthesis,0.030182887
PWY-6124: inosine-5'-phosphate biosynthesis II,0.030180888
k__Bacteria|p__Firmicutes|c__Clostridia|o__Clostridiales|f__Eubacteriaceae|g__Eubacterium|s__Eubacterium_sp_CAG_251,0.029833904
k__Bacteria|p__Actinobacteria|c__Coriobacteriia|o__Eggerthellales|f__Eggerthellaceae|g__Eggerthella|s__Eggerthella_lenta,0.029632486
"PRPP-PWY: superpathway of histidine, purine, and pyrimidine biosynthesis",0.029600937
"PWY-5138: unsaturated, even numbered fatty acid &beta;-oxidation",0.029431209
GLYCOCAT-PWY: glycogen degradation I (bacterial),0.029265627
k__Bacteria|p__Firmicutes|c__Clostridia|o__Clostridiales|f__Lachnospiraceae|g__Blautia|s__Blautia_wexlerae,0.028933113
k__Bacteria|p__Actinobacteria|c__Coriobacteriia|o__Coriobacteriales|f__Coriobacteriaceae|g__Enorma|s__Enorma_massiliensis,0.028534098
P23-PWY: reductive TCA cycle I,0.02838046
GLYCOLYSIS: glycolysis I (from glucose 6-phosphate),0.028261388
PROPFERM-PWY: L-alanine fermentation to propanoate and acetate,0.028149324
LACTOSECAT-PWY: lactose and galactose degradation I,0.027995
k__Bacteria|p__Bacteroidetes|c__Bacteroidia|o__Bacteroidales|f__Prevotellaceae|g__Paraprevotella|s__Paraprevotella_xylaniphila,0.027712585
PWY-7539: 6-hydroxymethyl-dihydropterin diphosphate biosynthesis III (Chlamydia),0.027677905
ANAEROFRUCAT-PWY: homolactic fermentation,0.027559912
PWY0-1533: methylphosphonate degradation I,0.027479034
"PWY-7117: C4 photosynthetic carbon assimilation cycle, PEPCK type",0.027423734
PWY-5918: superpathay of heme biosynthesis from glutamate,0.027391298
P124-PWY: Bifidobacterium shunt,0.027338546
k__Bacteria|p__Firmicutes|c__Clostridia|o__Clostridiales|f__Ruminococcaceae|g__Gemmiger|s__Gemmiger_formicilis,0.027212152
GLUCARDEG-PWY: D-glucarate degradation I,0.027164906
DTDPRHAMSYN-PWY: dTDP-L-rhamnose biosynthesis I,0.026931757
PWY0-1296: purine ribonucleosides degradation,0.026917918
PWY-5345: superpathway of L-methionine biosynthesis (by sulfhydrylation),0.02645457
"PWY-241: C4 photosynthetic carbon assimilation cycle, NADP-ME type",0.026331322
P164-PWY: purine nucleobases degradation I (anaerobic),0.026228335
PWY-6113: superpathway of mycolate biosynthesis,0.026206447
k__Bacteria|p__Bacteroidetes|c__Bacteroidia|o__Bacteroidales|f__Bacteroidaceae|g__Bacteroides|s__Bacteroides_cellulosilyticus,0.026176583
k__Bacteria|p__Bacteroidetes|c__Bacteroidia|o__Bacteroidales|f__Tannerellaceae|g__Parabacteroides|s__Parabacteroides_merdae,0.026129385
PWY-841: superpathway of purine nucleotides de novo biosynthesis I,0.025893606
PWY-5022: 4-aminobutanoate degradation V,0.02584493
k__Bacteria|p__Firmicutes|c__Bacilli|o__Lactobacillales|f__Streptococcaceae|g__Streptococcus|s__Streptococcus_australis,0.025402205
k__Bacteria|p__Firmicutes|c__Bacilli|o__Lactobacillales|f__Streptococcaceae|g__Streptococcus|s__Streptococcus_sanguinis,0.025349695
PWY0-1586: peptidoglycan maturation (meso-diaminopimelate containing),0.025322815
PWY-6353: purine nucleotides degradation II (aerobic),0.02528499
PWY-4041: &gamma;-glutamyl cycle,0.025226517
RHAMCAT-PWY: L-rhamnose degradation I,0.025155168
POLYAMINSYN3-PWY: superpathway of polyamine biosynthesis II,0.024985546
PWY-7198: pyrimidine deoxyribonucleotides de novo biosynthesis IV,0.02492668
k__Bacteria|p__Proteobacteria|c__Deltaproteobacteria|o__Desulfovibrionales|f__Desulfovibrionaceae|g__Bilophila|s__Bilophila_wadsworthia,0.02472435
k__Bacteria|p__Bacteroidetes|c__Bacteroidia|o__Bacteroidales|f__Odoribacteraceae|g__Butyricimonas|s__Butyricimonas_synergistica,0.024714433
PWY-7187: pyrimidine deoxyribonucleotides de novo biosynthesis II,0.024637526
P162-PWY: L-glutamate degradation V (via hydroxyglutarate),0.024464699
SER-GLYSYN-PWY: superpathway of L-serine and glycine biosynthesis I,0.024429312
k__Bacteria|p__Verrucomicrobia|c__Verrucomicrobiae|o__Verrucomicrobiales|f__Akkermansiaceae|g__Akkermansia|s__Akkermansia_muciniphila,0.024321783
PWY-6527: stachyose degradation,0.024308054
PWY0-1338: polymyxin resistance,0.024303868
PWY-7046: 4-coumarate degradation (anaerobic),0.024294356
PWY-5030: L-histidine degradation III,0.024182437
PWY0-166: superpathway of pyrimidine deoxyribonucleotides de novo biosynthesis (E. coli),0.024052354
PWY-6549: L-glutamine biosynthesis III,0.02400688
PWY-6470: peptidoglycan biosynthesis V (&beta;-lactam resistance),0.024000961
TCA: TCA cycle I (prokaryotic),0.023849195
PWY-5004: superpathway of L-citrulline metabolism,0.023663972
PWY-7663: gondoate biosynthesis (anaerobic),0.023624262
k__Bacteria|p__Firmicutes|c__Clostridia|o__Clostridiales|f__Lachnospiraceae|g__Tyzzerella|s__Tyzzerella_nexilis,0.023598835
k__Bacteria|p__Firmicutes|c__Erysipelotrichia|o__Erysipelotrichales|f__Erysipelotrichaceae|g__Holdemanella|s__Holdemanella_biformis,0.023393229
PWY-7279: aerobic respiration II (cytochrome c) (yeast),0.023245877
PANTOSYN-PWY: pantothenate and coenzyme A biosynthesis I,0.023037171
k__Bacteria|p__Bacteroidetes|c__Bacteroidia|o__Bacteroidales|f__Prevotellaceae|g__Prevotella|s__Prevotella_stercorea,0.022914367
P163-PWY: L-lysine fermentation to acetate and butanoate,0.02278763
PWY-5845: superpathway of menaquinol-9 biosynthesis,0.022722138
HSERMETANA-PWY: L-methionine biosynthesis III,0.022498382
PWY-6609: adenine and adenosine salvage III,0.022363823
k__Bacteria|p__Actinobacteria|c__Actinobacteria|o__Bifidobacteriales|f__Bifidobacteriaceae|g__Bifidobacterium|s__Bifidobacterium_longum,0.022263344
k__Bacteria|p__Actinobacteria|c__Actinobacteria|o__Bifidobacteriales|f__Bifidobacteriaceae|g__Bifidobacterium|s__Bifidobacterium_pseudocatenulatum,0.022210497
k__Bacteria|p__Firmicutes|c__Clostridia|o__Clostridiales|f__Lachnospiraceae|g__Lachnoclostridium|s__Clostridium_scindens,0.02210824
"PWY-7385: 1,3-propanediol biosynthesis (engineered)",0.022065641
PWY-7221: guanosine ribonucleotides de novo biosynthesis,0.022015546
PWY-6126: superpathway of adenosine nucleotides de novo biosynthesis II,0.021866431
PWY66-409: superpathway of purine nucleotide salvage,0.021798681
"PWY-7388: octanoyl-_acyl-carrier protein_ biosynthesis (mitochondria, yeast)",0.021721162
k__Bacteria|p__Bacteroidetes|c__Bacteroidia|o__Bacteroidales|f__Bacteroidaceae|g__Bacteroides|s__Bacteroides_vulgatus,0.021580802
PWY-6387: UDP-N-acetylmuramoyl-pentapeptide biosynthesis I (meso-diaminopimelate containing),0.021471037
"GLCMANNANAUT-PWY: superpathway of N-acetylglucosamine, N-acetylmannosamine and N-acetylneuraminate degradation",0.021445667
1CMET2-PWY: N10-formyl-tetrahydrofolate biosynthesis,0.021314526
PWY-7323: superpathway of GDP-mannose-derived O-antigen building blocks biosynthesis,0.021210313
PWY-5188: tetrapyrrole biosynthesis I (from glutamate),0.02114017
P562-PWY: myo-inositol degradation I,0.020782534
PWY-7332: superpathway of UDP-N-acetylglucosamine-derived O-antigen building blocks biosynthesis,0.020651922
PWY-4984: urea cycle,0.02039051
P108-PWY: pyruvate fermentation to propanoate I,0.020387465
PWY66-400: glycolysis VI (metazoan),0.02029507
PWY-7315: dTDP-N-acetylthomosamine biosynthesis,0.020217374
PWY-5686: UMP biosynthesis,0.020172188
PWY-6143: CMP-pseudaminate biosynthesis,0.020034378
PWY-6121: 5-aminoimidazole ribonucleotide biosynthesis I,0.019886995
"GOLPDLCAT-PWY: superpathway of glycerol degradation to 1,3-propanediol",0.019806553
PWY-5920: superpathway of heme biosynthesis from glycine,0.019710973
PWY-7560: methylerythritol phosphate pathway II,0.019682327
PWY-7234: inosine-5'-phosphate biosynthesis III,0.019655842
PWY-7211: superpathway of pyrimidine deoxyribonucleotides de novo biosynthesis,0.01956453
PWY-5840: superpathway of menaquinol-7 biosynthesis,0.019546092
PWY-7400: L-arginine biosynthesis IV (archaebacteria),0.019497784
k__Bacteria|p__Firmicutes|c__Clostridia|o__Clostridiales|f__Lachnospiraceae|g__Lachnoclostridium|s__Clostridium_symbiosum,0.019467365
PWY-7199: pyrimidine deoxyribonucleosides salvage,0.019453526
k__Bacteria|p__Actinobacteria|c__Actinobacteria|o__Actinomycetales|f__Actinomycetaceae|g__Actinomyces|s__Actinomyces_sp_S6_Spd3,0.019415583
k__Bacteria|p__Firmicutes|c__Firmicutes_unclassified|o__Firmicutes_unclassified|f__Firmicutes_unclassified|g__Firmicutes_unclassified|s__Firmicutes_bacterium_CAG_94,0.01915008
PWY-6163: chorismate biosynthesis from 3-dehydroquinate,0.019128112
PWY0-1241: ADP-L-glycero-&beta;-D-manno-heptose biosynthesis,0.01912542
PWY0-845: superpathway of pyridoxal 5'-phosphate biosynthesis and salvage,0.019093767
PANTO-PWY: phosphopantothenate biosynthesis I,0.019017326
k__Bacteria|p__Actinobacteria|c__Actinobacteria|o__Bifidobacteriales|f__Bifidobacteriaceae|g__Bifidobacterium|s__Bifidobacterium_bifidum,0.018951409
PYRIDNUCSYN-PWY: NAD biosynthesis I (from aspartate),0.018942107
GALACTUROCAT-PWY: D-galacturonate degradation I,0.01892721
PWY-5103: L-isoleucine biosynthesis III,0.018761773
PWY-7282: 4-amino-2-methyl-5-phosphomethylpyrimidine biosynthesis (yeast),0.01870373
RIBOSYN2-PWY: flavin biosynthesis I (bacteria and plants),0.018642979
COLANSYN-PWY: colanic acid building blocks biosynthesis,0.018478226
PWY-5910: superpathway of geranylgeranyldiphosphate biosynthesis I (via mevalonate),0.018368855
PWY-5690: TCA cycle II (plants and fungi),0.018359782
"P461-PWY: hexitol fermentation to lactate, formate, ethanol and acetate",0.018321479
METHANOGENESIS-PWY: methanogenesis from H2 and CO2,0.017742015
THISYNARA-PWY: superpathway of thiamin diphosphate biosynthesis III (eukaryotes),0.017611578
PWY-6608: guanosine nucleotides degradation III,0.017511858
PWY-6386: UDP-N-acetylmuramoyl-pentapeptide biosynthesis II (lysine-containing),0.017222544
k__Bacteria|p__Bacteroidetes|c__Bacteroidia|o__Bacteroidales|f__Bacteroidaceae|g__Bacteroides|s__Bacteroides_xylanisolvens,0.017215168
k__Bacteria|p__Firmicutes|c__Erysipelotrichia|o__Erysipelotrichales|f__Erysipelotrichaceae|g__Erysipelatoclostridium|s__Clostridium_innocuum,0.01720384
k__Bacteria|p__Bacteroidetes|c__Bacteroidia|o__Bacteroidales|f__Bacteroidaceae|g__Bacteroides|s__Bacteroides_dorei,0.017155236
SALVADEHYPOX-PWY: adenosine nucleotides degradation II,0.016775174
PWY-5005: biotin biosynthesis II,0.01666693
PWY-6595: superpathway of guanosine nucleotides degradation (plants),0.016601058
THRESYN-PWY: superpathway of L-threonine biosynthesis,0.016559564
PWY-7456: mannan degradation,0.016545914
POLYISOPRENSYN-PWY: polyisoprenoid biosynthesis (E. coli),0.016453579
k__Bacteria|p__Firmicutes|c__Bacilli|o__Bacillales|f__Bacillales_unclassified|g__Gemella|s__Gemella_haemolysans,0.016388798
k__Bacteria|p__Firmicutes|c__Clostridia|o__Clostridiales|f__Lachnospiraceae|g__Roseburia|s__Roseburia_sp_CAG_471,0.016354756
FUC-RHAMCAT-PWY: superpathway of fucose and rhamnose degradation,0.01629591
ANAGLYCOLYSIS-PWY: glycolysis III (from glucose),0.016251989
TRPSYN-PWY: L-tryptophan biosynthesis,0.016129715
SULFATE-CYS-PWY: superpathway of sulfate assimilation and cysteine biosynthesis,0.016066715
PWY-6519: 8-amino-7-oxononanoate biosynthesis I,0.015973182
PWY-6531: mannitol cycle,0.015829343
k__Bacteria|p__Firmicutes|c__Clostridia|o__Clostridiales|f__Clostridiales_unclassified|g__Lawsonibacter|s__Lawsonibacter_asaccharolyticus,0.015809452
k__Bacteria|p__Firmicutes|c__Clostridia|o__Clostridiales|f__Lachnospiraceae|g__Lachnoclostridium|s__Clostridium_lavalense,0.015618469
k__Bacteria|p__Actinobacteria|c__Coriobacteriia|o__Coriobacteriales|f__Coriobacteriaceae|g__Collinsella|s__Collinsella_intestinalis,0.015390464
PWY-5695: urate biosynthesis/inosine 5'-phosphate degradation,0.015289081
k__Bacteria|p__Firmicutes|c__Clostridia|o__Clostridiales|f__Ruminococcaceae|g__Ruminococcaceae_unclassified|s__Clostridium_leptum,0.015120578
k__Bacteria|p__Bacteroidetes|c__Bacteroidia|o__Bacteroidales|f__Rikenellaceae|g__Alistipes|s__Alistipes_indistinctus,0.015112151
PWY-5136: fatty acid &beta;-oxidation II (peroxisome),0.014853848
PWY-821: superpathway of sulfur amino acid biosynthesis (Saccharomyces cerevisiae),0.014804911
PWY3DJ-35471: L-ascorbate biosynthesis IV,0.014684901
k__Bacteria|p__Firmicutes|c__Clostridia|o__Clostridiales|f__Oscillospiraceae|g__Oscillibacter|s__Oscillibacter_sp_CAG_241,0.014605677
k__Bacteria|p__Actinobacteria|c__Actinobacteria|o__Actinomycetales|f__Actinomycetaceae|g__Actinomyces|s__Actinomyces_graevenitzii,0.014549974
k__Bacteria|p__Actinobacteria|c__Actinobacteria|o__Actinomycetales|f__Actinomycetaceae|g__Actinomyces|s__Actinomyces_odontolyticus,0.014530316
k__Bacteria|p__Firmicutes|c__Clostridia|o__Clostridiales|f__Eubacteriaceae|g__Eubacterium|s__Eubacterium_hallii,0.01429611
PWY-6612: superpathway of tetrahydrofolate biosynthesis,0.014265992
PWY-7210: pyrimidine deoxyribonucleotides biosynthesis from CTP,0.014188554
PWY-5173: superpathway of acetyl-CoA biosynthesis,0.014134107
NONOXIPENT-PWY: pentose phosphate pathway (non-oxidative branch),0.014090825
PWY-6628: superpathway of L-phenylalanine biosynthesis,0.014045304
PWY0-781: aspartate superpathway,0.013984253
PWY0-1061: superpathway of L-alanine biosynthesis,0.013964189
PWY-6478: GDP-D-glycero-&alpha;-D-manno-heptose biosynthesis,0.01394252
PWY-6859: all-trans-farnesol biosynthesis,0.013934164
HOMOSER-METSYN-PWY: L-methionine biosynthesis I,0.0138494475
PWY-5484: glycolysis II (from fructose 6-phosphate),0.013845757
POLYAMSYN-PWY: superpathway of polyamine biosynthesis I,0.013803202
PWY-1042: glycolysis IV (plant cytosol),0.013708348
PWY-5121: superpathway of geranylgeranyl diphosphate biosynthesis II (via MEP),0.0135730365
PROTOCATECHUATE-ORTHO-CLEAVAGE-PWY: protocatechuate degradation II (ortho-cleavage pathway),0.013452124
THISYN-PWY: superpathway of thiamin diphosphate biosynthesis I,0.013362616
COA-PWY: coenzyme A biosynthesis I,0.013309517
k__Bacteria|p__Firmicutes|c__Clostridia|o__Clostridiales|f__Clostridiaceae|g__Clostridium|s__Clostridium_bolteae_CAG_59,0.013292259
"P4-PWY: superpathway of L-lysine, L-threonine and L-methionine biosynthesis I",0.013228092
k__Bacteria|p__Actinobacteria|c__Actinobacteria|o__Bifidobacteriales|f__Bifidobacteriaceae|g__Bifidobacterium|s__Bifidobacterium_dentium,0.013209785
PWY-6572: chondroitin sulfate degradation I (bacterial),0.013177576
PWY-7242: D-fructuronate degradation,0.013162702
CALVIN-PWY: Calvin-Benson-Bassham cycle,0.013092215
PYRIDOXSYN-PWY: pyridoxal 5'-phosphate biosynthesis I,0.0130809955
k__Bacteria|p__Firmicutes|c__Negativicutes|o__Acidaminococcales|f__Acidaminococcaceae|g__Phascolarctobacterium|s__Phascolarctobacterium_succinatutens,0.012943965
k__Bacteria|p__Firmicutes|c__Clostridia|o__Clostridiales|f__Lachnospiraceae|g__Lachnoclostridium|s__Clostridium_citroniae,0.012849155
k__Bacteria|p__Firmicutes|c__Clostridia|o__Clostridiales|f__Ruminococcaceae|g__Ruminococcus|s__Ruminococcus_lactaris,0.01268078
PWY-6125: superpathway of guanosine nucleotides de novo biosynthesis II,0.0126340855
FERMENTATION-PWY: mixed acid fermentation,0.012565233
PWY-7208: superpathway of pyrimidine nucleobases salvage,0.012550884
PWY-7219: adenosine ribonucleotides de novo biosynthesis,0.0125210155
PWY-5347: superpathway of L-methionine biosynthesis (transsulfuration),0.012459961
k__Bacteria|p__Firmicutes|c__Erysipelotrichia|o__Erysipelotrichales|f__Erysipelotrichaceae|g__Massiliomicrobiota|s__Massiliomicrobiota_timonensis,0.012399318
PWY66-422: D-galactose degradation V (Leloir pathway),0.012289325
CITRULBIO-PWY: L-citrulline biosynthesis,0.0122825755
k__Bacteria|p__Bacteroidetes|c__Bacteroidia|o__Bacteroidales|f__Tannerellaceae|g__Parabacteroides|s__Parabacteroides_johnsonii,0.012199071
KETOGLUCONMET-PWY: ketogluconate metabolism,0.012168204
P441-PWY: superpathway of N-acetylneuraminate degradation,0.012161151
k__Bacteria|p__Firmicutes|c__Clostridia|o__Clostridiales|f__Lachnospiraceae|g__Roseburia|s__Roseburia_sp_CAG_309,0.012104926
k__Bacteria|p__Firmicutes|c__Negativicutes|o__Veillonellales|f__Veillonellaceae|g__Veillonella|s__Veillonella_dispar,0.012061511
PHOSLIPSYN-PWY: superpathway of phospholipid biosynthesis I (bacteria),0.011986234
PWY-6562: norspermidine biosynthesis,0.011954526
ARGSYN-PWY: L-arginine biosynthesis I (via L-ornithine),0.011877863
PWY-5384: sucrose degradation IV (sucrose phosphorylase),0.011865465
ILEUSYN-PWY: L-isoleucine biosynthesis I (from threonine),0.011813813
k__Bacteria|p__Actinobacteria|c__Coriobacteriia|o__Eggerthellales|f__Eggerthellaceae|g__Enterorhabdus|s__Enterorhabdus_caecimuris,0.011705447
"PWY-7371: 1,4-dihydroxy-6-naphthoate biosynthesis II",0.011684373
k__Bacteria|p__Firmicutes|c__Clostridia|o__Clostridiales|f__Lachnospiraceae|g__Lachnoclostridium|s__Clostridium_bolteae,0.011679787
GALACT-GLUCUROCAT-PWY: superpathway of hexuronide and hexuronate degradation,0.011670833
TRNA-CHARGING-PWY: tRNA charging,0.011630818
k__Bacteria|p__Bacteroidetes|c__Bacteroidia|o__Bacteroidales|f__Prevotellaceae|g__Paraprevotella|s__Paraprevotella_clara,0.011564202
COMPLETE-ARO-PWY: superpathway of aromatic amino acid biosynthesis,0.011552013
SO4ASSIM-PWY: sulfate reduction I (assimilatory),0.011519762
k__Bacteria|p__Synergistetes|c__Synergistia|o__Synergistales|f__Synergistaceae|g__Fretibacterium|s__Fretibacterium_fastidiosum,0.01143478
PWY-6606: guanosine nucleotides degradation II,0.011410444
k__Bacteria|p__Bacteroidetes|c__Bacteroidia|o__Bacteroidales|f__Barnesiellaceae|g__Barnesiella|s__Barnesiella_intestinihominis,0.011341739
k__Bacteria|p__Firmicutes|c__Clostridia|o__Clostridiales|f__Lachnospiraceae|g__Dorea|s__Dorea_longicatena,0.011336395
k__Bacteria|p__Actinobacteria|c__Actinobacteria|o__Actinomycetales|f__Actinomycetaceae|g__Actinomyces|s__Actinomyces_sp_oral_taxon_181,0.011305184
PWY-6385: peptidoglycan biosynthesis III (mycobacteria),0.01122442
k__Bacteria|p__Firmicutes|c__Bacilli|o__Lactobacillales|f__Streptococcaceae|g__Streptococcus|s__Streptococcus_infantis,0.011069516
NAGLIPASYN-PWY: lipid IVA biosynthesis,0.011061155
DENOVOPURINE2-PWY: superpathway of purine nucleotides de novo biosynthesis II,0.010988618
k__Bacteria|p__Firmicutes|c__Clostridia|o__Clostridiales|f__Clostridiaceae|g__Clostridium|s__Clostridium_disporicum,0.010905315
PWY0-1415: superpathway of heme biosynthesis from uroporphyrinogen-III,0.010897589
PWY-5723: Rubisco shunt,0.010871429
k__Bacteria|p__Firmicutes|c__Clostridia|o__Clostridiales|f__Clostridiaceae|g__Hungatella|s__Hungatella_hathewayi,0.010863912
PWY-6749: CMP-legionaminate biosynthesis I,0.010838609
k__Bacteria|p__Firmicutes|c__Clostridia|o__Clostridiales|f__Ruminococcaceae|g__Pseudoflavonifractor|s__Pseudoflavonifractor_sp_An184,0.010810499
k__Bacteria|p__Firmicutes|c__Erysipelotrichia|o__Erysipelotrichales|f__Erysipelotrichaceae|g__Erysipelatoclostridium|s__Erysipelatoclostridium_ramosum,0.010770184
PYRIDNUCSAL-PWY: NAD salvage pathway I,0.010739213
k__Bacteria|p__Firmicutes|c__Clostridia|o__Clostridiales|f__Catabacteriaceae|g__Catabacter|s__Catabacter_hongkongensis,0.010724807
k__Bacteria|p__Firmicutes|c__Clostridia|o__Clostridiales|f__Peptostreptococcaceae|g__Romboutsia|s__Romboutsia_ilealis,0.010565163
PWY-3001: superpathway of L-isoleucine biosynthesis I,0.010540221
k__Bacteria|p__Firmicutes|c__Clostridia|o__Clostridiales|f__Lachnospiraceae|g__Anaerotignum|s__Anaerotignum_lactatifermentans,0.010539665
k__Bacteria|p__Bacteroidetes|c__Bacteroidia|o__Bacteroidales|f__Rikenellaceae|g__Alistipes|s__Alistipes_shahii,0.010500438
PWY66-391: fatty acid &beta;-oxidation VI (peroxisome),0.010440522
PWY-5083: NAD/NADH phosphorylation and dephosphorylation,0.010393699
k__Bacteria|p__Firmicutes|c__Clostridia|o__Clostridiales|f__Lachnospiraceae|g__Coprococcus|s__Coprococcus_comes,0.010378959
PWY-7222: guanosine deoxyribonucleotides de novo biosynthesis II,0.01037487
METH-ACETATE-PWY: methanogenesis from acetate,0.010327652
k__Bacteria|p__Firmicutes|c__Clostridia|o__Clostridiales|f__Lachnospiraceae|g__Eisenbergiella|s__Eisenbergiella_massiliensis,0.010312973
PWY-5860: superpathway of demethylmenaquinol-6 biosynthesis I,0.010312663
GLUCONEO-PWY: gluconeogenesis I,0.010191878
k__Bacteria|p__Bacteroidetes|c__Bacteroidia|o__Bacteroidales|f__Bacteroidaceae|g__Bacteroides|s__Bacteroides_eggerthii,0.010098254
k__Bacteria|p__Firmicutes|c__Clostridia|o__Clostridiales|f__Ruminococcaceae|g__Harryflintia|s__Harryflintia_acetispora,0.010071961
UDPNAGSYN-PWY: UDP-N-acetyl-D-glucosamine biosynthesis I,0.010009972
PWY-6317: galactose degradation I (Leloir pathway),0.010007438
k__Bacteria|p__Bacteroidetes|c__Bacteroidia|o__Bacteroidales|f__Bacteroidaceae|g__Bacteroides|s__Bacteroides_coprocola,0.009939901
k__Bacteria|p__Firmicutes|c__Clostridia|o__Clostridiales|f__Lachnospiraceae|g__Fusicatenibacter|s__Fusicatenibacter_saccharivorans,0.009888443
k__Bacteria|p__Firmicutes|c__Clostridia|o__Clostridiales|f__Clostridiales_Family_XIII_Incertae_Sedis|g__Clostridiales_Family_XIII_Incertae_Sedis_unclassified|s__Eubacterium_sulci,0.009844227
k__Bacteria|p__Proteobacteria|c__Gammaproteobacteria|o__Enterobacterales|f__Enterobacteriaceae|g__Klebsiella|s__Klebsiella_pneumoniae,0.00959815
PWY-5367: petroselinate biosynthesis,0.009589384
k__Bacteria|p__Proteobacteria|c__Gammaproteobacteria|o__Enterobacterales|f__Enterobacteriaceae|g__Klebsiella|s__Klebsiella_variicola,0.0095668435
PWY-7269: NAD/NADP-NADH/NADPH mitochondrial interconversion (yeast),0.009400487
PWY-7254: TCA cycle VII (acetate-producers),0.009320509
PWY-621: sucrose degradation III (sucrose invertase),0.0091993315
PWY-5989: stearate biosynthesis II (bacteria and plants),0.009176774
PWY-6123: inosine-5'-phosphate biosynthesis I,0.008986019
k__Bacteria|p__Firmicutes|c__Clostridia|o__Clostridiales|f__Lachnospiraceae|g__Sellimonas|s__Sellimonas_intestinalis,0.008914714
k__Bacteria|p__Firmicutes|c__Clostridia|o__Clostridiales|f__Eubacteriaceae|g__Eubacterium|s__Eubacterium_ramulus,0.008883546
DAPLYSINESYN-PWY: L-lysine biosynthesis I,0.0088345455
PPGPPMET-PWY: ppGpp biosynthesis,0.008606095
GLYCOGENSYNTH-PWY: glycogen biosynthesis I (from ADP-D-Glucose),0.008544176
PWY-7184: pyrimidine deoxyribonucleotides de novo biosynthesis I,0.0084280595
k__Bacteria|p__Firmicutes|c__Clostridia|o__Clostridiales|f__Eubacteriaceae|g__Eubacterium|s__Eubacterium_sp_CAG_274,0.008424718
k__Bacteria|p__Firmicutes|c__Clostridia|o__Clostridiales|f__Clostridiales_unclassified|g__Monoglobus|s__Monoglobus_pectinilyticus,0.008368814
k__Bacteria|p__Firmicutes|c__Clostridia|o__Clostridiales|f__Lachnospiraceae|g__Blautia|s__Ruminococcus_gnavus,0.008318775
PWY-6731: starch degradation III,0.008292069
ARGSYNBSUB-PWY: L-arginine biosynthesis II (acetyl cycle),0.0082767615
k__Bacteria|p__Firmicutes|c__Firmicutes_unclassified|o__Firmicutes_unclassified|f__Firmicutes_unclassified|g__Firmicutes_unclassified|s__Firmicutes_bacterium_CAG_145,0.008241525
k__Bacteria|p__Firmicutes|c__Bacilli|o__Lactobacillales|f__Streptococcaceae|g__Streptococcus|s__Streptococcus_vestibularis,0.008197879
PWY4LZ-257: superpathway of fermentation (Chlamydomonas reinhardtii),0.00819154
k__Bacteria|p__Firmicutes|c__Negativicutes|o__Acidaminococcales|f__Acidaminococcaceae|g__Acidaminococcus|s__Acidaminococcus_intestini,0.008098093
PWY-922: mevalonate pathway I,0.00807673
COA-PWY-1: coenzyme A biosynthesis II (mammalian),0.007882711
PWY-7111: pyruvate fermentation to isobutanol (engineered),0.007879271
HCAMHPDEG-PWY: 3-phenylpropanoate and 3-(3-hydroxyphenyl)propanoate degradation to 2-oxopent-4-enoate,0.007867724
PEPTIDOGLYCANSYN-PWY: peptidoglycan biosynthesis I (meso-diaminopimelate containing),0.007826579
k__Bacteria|p__Proteobacteria|c__Betaproteobacteria|o__Burkholderiales|f__Sutterellaceae|g__Turicimonas|s__Turicimonas_muris,0.00781653
k__Bacteria|p__Firmicutes|c__Clostridia|o__Clostridiales|f__Ruminococcaceae|g__Ruminococcus|s__Ruminococcus_callidus,0.0078007947
PWY-7094: fatty acid salvage,0.007795996
MET-SAM-PWY: superpathway of S-adenosyl-L-methionine biosynthesis,0.007637757
k__Bacteria|p__Firmicutes|c__Clostridia|o__Clostridiales|f__Lachnospiraceae|g__Lachnoclostridium|s__Clostridium_clostridioforme,0.007583411
k__Bacteria|p__Firmicutes|c__Clostridia|o__Clostridiales|f__Lachnospiraceae|g__Blautia|s__Blautia_obeum,0.0075809895
PWY-6270: isoprene biosynthesis I,0.0075659086
k__Bacteria|p__Firmicutes|c__Clostridia|o__Clostridiales|f__Lachnospiraceae|g__Blautia|s__Blautia_hydrogenotrophica,0.0074925306
HEME-BIOSYNTHESIS-II: heme biosynthesis I (aerobic),0.0074196854
k__Bacteria|p__Proteobacteria|c__Deltaproteobacteria|o__Desulfovibrionales|f__Desulfovibrionaceae|g__Desulfovibrio|s__Desulfovibrio_piger,0.0072849146
HEXITOLDEGSUPER-PWY: superpathway of hexitol degradation (bacteria),0.0071948576
PWY-5417: catechol degradation III (ortho-cleavage pathway),0.007108754
k__Bacteria|p__Firmicutes|c__Clostridia|o__Clostridiales|f__Lachnospiraceae|g__Lachnoclostridium|s__Clostridium_saccharolyticum,0.0070866593
PWY0-862: (5Z)-dodec-5-enoate biosynthesis,0.0070636156
PWY-7165: L-ascorbate biosynthesis VI (engineered pathway),0.006914206
GALACTARDEG-PWY: D-galactarate degradation I,0.0069058095
PWY-5747: 2-methylcitrate cycle II,0.0067936624
FAO-PWY: fatty acid &beta;-oxidation I,0.0067096855
GLUTORN-PWY: L-ornithine biosynthesis,0.00665301
ARO-PWY: chorismate biosynthesis I,0.0065884343
k__Bacteria|p__Firmicutes|c__Clostridia|o__Clostridiales|f__Clostridiaceae|g__Clostridium|s__Clostridium_sp_CAG_242,0.0065850806
PWY-5667: CDP-diacylglycerol biosynthesis I,0.00652425
PWY-5656: mannosylglycerate biosynthesis I,0.0064667594
PWYG-321: mycolate biosynthesis,0.006443144
k__Bacteria|p__Actinobacteria|c__Actinobacteria|o__Actinomycetales|f__Actinomycetaceae|g__Actinomyces|s__Actinomyces_sp_ICM47,0.006368999
PWY-622: starch biosynthesis,0.006240015
PWY-6630: superpathway of L-tyrosine biosynthesis,0.006224279
k__Bacteria|p__Firmicutes|c__Bacilli|o__Lactobacillales|f__Lactobacillaceae|g__Lactobacillus|s__Lactobacillus_salivarius,0.006203494
PWY3O-355: stearate biosynthesis III (fungi),0.0061320346
"PWY-724: superpathway of L-lysine, L-threonine and L-methionine biosynthesis II",0.006050119
PWY0-1297: superpathway of purine deoxyribonucleosides degradation,0.0060291314
PENTOSE-P-PWY: pentose phosphate pathway,0.00601466
PWY-6282: palmitoleate biosynthesis I (from (5Z)-dodec-5-enoate),0.0059839794
PWY-5675: nitrate reduction V (assimilatory),0.005952556
FASYN-ELONG-PWY: fatty acid elongation -- saturated,0.005935731
P122-PWY: heterolactic fermentation,0.0058965525
k__Bacteria|p__Firmicutes|c__Erysipelotrichia|o__Erysipelotrichales|f__Erysipelotrichaceae|g__Faecalitalea|s__Faecalitalea_cylindroides,0.005811005
k__Bacteria|p__Firmicutes|c__Clostridia|o__Clostridiales|f__Lachnospiraceae|g__Lachnoclostridium|s__Clostridium_asparagiforme,0.0057392474
PWY-6803: phosphatidylcholine acyl editing,0.005732337
k__Bacteria|p__Firmicutes|c__Bacilli|o__Lactobacillales|f__Lactobacillaceae|g__Lactobacillus|s__Lactobacillus_rogosae,0.005732334
PWY-6629: superpathway of L-tryptophan biosynthesis,0.0057290522
k__Bacteria|p__Firmicutes|c__Erysipelotrichia|o__Erysipelotrichales|f__Erysipelotrichaceae|g__Catenibacterium|s__Catenibacterium_mitsuokai,0.0057232105
PWY-7446: sulfoglycolysis,0.0056778356
PWY-2941: L-lysine biosynthesis II,0.0056722406
PWY-6122: 5-aminoimidazole ribonucleotide biosynthesis II,0.0054411427
FASYN-INITIAL-PWY: superpathway of fatty acid biosynthesis initiation (E. coli),0.00543657
k__Bacteria|p__Firmicutes|c__Erysipelotrichia|o__Erysipelotrichales|f__Erysipelotrichaceae|g__Erysipelatoclostridium|s__Clostridium_spiroforme,0.005297265
PWY0-1277: 3-phenylpropanoate and 3-(3-hydroxyphenyl)propanoate degradation,0.005281009
k__Bacteria|p__Firmicutes|c__Bacilli|o__Lactobacillales|f__Streptococcaceae|g__Streptococcus|s__Streptococcus_sp_A12,0.005164562
GLUCOSE1PMETAB-PWY: glucose and glucose-1-phosphate degradation,0.0050495374
k__Bacteria|p__Bacteroidetes|c__Bacteroidia|o__Bacteroidales|f__Bacteroidaceae|g__Bacteroides|s__Bacteroides_clarus,0.0050472505
PWY-3841: folate transformations II,0.004984507
k__Bacteria|p__Actinobacteria|c__Actinobacteria|o__Actinomycetales|f__Actinomycetaceae|g__Actinomyces|s__Actinomyces_sp_HPA0247,0.004956384
PWY-7200: superpathway of pyrimidine deoxyribonucleoside salvage,0.004896935
P221-PWY: octane oxidation,0.0048945234
PWY-6823: molybdenum cofactor biosynthesis,0.004786096
PWY-5838: superpathway of menaquinol-8 biosynthesis I,0.0047743656
P621-PWY: nylon-6 oligomer degradation,0.0047644186
PWY-5265: peptidoglycan biosynthesis II (staphylococci),0.0046694195
k__Bacteria|p__Firmicutes|c__Bacilli|o__Lactobacillales|f__Streptococcaceae|g__Streptococcus|s__Streptococcus_gordonii,0.0046146186
PWY-4242: pantothenate and coenzyme A biosynthesis III,0.0046122996
k__Bacteria|p__Actinobacteria|c__Coriobacteriia|o__Eggerthellales|f__Eggerthellaceae|g__Slackia|s__Slackia_isoflavoniconvertens,0.0045219855
PWY-3801: sucrose degradation II (sucrose synthase),0.004512553
k__Bacteria|p__Bacteroidetes|c__Bacteroidia|o__Bacteroidales|f__Bacteroidaceae|g__Bacteroides|s__Bacteroides_massiliensis,0.0044599744
k__Bacteria|p__Bacteroidetes|c__Bacteroidia|o__Bacteroidales|f__Bacteroidaceae|g__Bacteroides|s__Bacteroides_sp_CAG_144,0.004429607
k__Bacteria|p__Proteobacteria|c__Betaproteobacteria|o__Burkholderiales|f__Sutterellaceae|g__Parasutterella|s__Parasutterella_excrementihominis,0.004406751
k__Bacteria|p__Firmicutes|c__Clostridia|o__Clostridiales|f__Peptostreptococcaceae|g__Intestinibacter|s__Intestinibacter_bartlettii,0.0043784073
k__Bacteria|p__Bacteroidetes|c__Bacteroidia|o__Bacteroidales|f__Bacteroidaceae|g__Bacteroides|s__Bacteroides_finegoldii,0.0043134657
k__Bacteria|p__Firmicutes|c__Erysipelotrichia|o__Erysipelotrichales|f__Erysipelotrichaceae|g__Coprobacillus|s__Coprobacillus_cateniformis,0.004258188
k__Bacteria|p__Firmicutes|c__Bacilli|o__Lactobacillales|f__Streptococcaceae|g__Lactococcus|s__Lactococcus_lactis,0.0042556264
PWY-4702: phytate degradation I,0.004216582
PWY4FS-8: phosphatidylglycerol biosynthesis II (non-plastidic),0.004180327
k__Bacteria|p__Proteobacteria|c__Deltaproteobacteria|o__Desulfovibrionales|f__Desulfovibrionaceae|g__Desulfovibrionaceae_unclassified|s__Desulfovibrionaceae_bacterium,0.0040393835
GLYCOL-GLYOXDEG-PWY: superpathway of glycol metabolism and degradation,0.0040285923
k__Bacteria|p__Firmicutes|c__Erysipelotrichia|o__Erysipelotrichales|f__Erysipelotrichaceae|g__Turicibacter|s__Turicibacter_sanguinis,0.0040012654
k__Bacteria|p__Firmicutes|c__Erysipelotrichia|o__Erysipelotrichales|f__Erysipelotrichaceae|g__Dielma|s__Dielma_fastidiosa,0.003805248
k__Bacteria|p__Firmicutes|c__Negativicutes|o__Veillonellales|f__Veillonellaceae|g__Veillonella|s__Veillonella_infantium,0.0037215345
"PWY-7409: phospholipid remodeling (phosphatidylethanolamine, yeast)",0.0037178982
PWY-5392: reductive TCA cycle II,0.0036489954
PWY-7228: superpathway of guanosine nucleotides de novo biosynthesis I,0.0035977673
k__Bacteria|p__Proteobacteria|c__Gammaproteobacteria|o__Pasteurellales|f__Pasteurellaceae|g__Haemophilus|s__Haemophilus_sp_HMSC71H05,0.0035937328
k__Bacteria|p__Firmicutes|c__Negativicutes|o__Acidaminococcales|f__Acidaminococcaceae|g__Phascolarctobacterium|s__Phascolarctobacterium_sp_CAG_266,0.0035863507
k__Bacteria|p__Firmicutes|c__Firmicutes_unclassified|o__Firmicutes_unclassified|f__Firmicutes_unclassified|g__Firmicutes_unclassified|s__Firmicutes_bacterium_CAG_95,0.0035753201
URSIN-PWY: ureide biosynthesis,0.0035482987
k__Bacteria|p__Bacteroidetes|c__Bacteroidia|o__Bacteroidales|f__Rikenellaceae|g__Alistipes|s__Alistipes_onderdonkii,0.0034399577
AST-PWY: L-arginine degradation II (AST pathway),0.0034211534
CATECHOL-ORTHO-CLEAVAGE-PWY: catechol degradation to &beta;-ketoadipate,0.0033567285
PWY-2723: trehalose degradation V,0.0033015702
k__Bacteria|p__Proteobacteria|c__Gammaproteobacteria|o__Enterobacterales|f__Enterobacteriaceae|g__Escherichia|s__Escherichia_coli,0.003295877
PWY0-41: allantoin degradation IV (anaerobic),0.0032886518
P161-PWY: acetylene degradation,0.0032381183
PWY-6435: 4-hydroxybenzoate biosynthesis V,0.003206382
3-HYDROXYPHENYLACETATE-DEGRADATION-PWY: 4-hydroxyphenylacetate degradation,0.0031772382
P105-PWY: TCA cycle IV (2-oxoglutarate decarboxylase),0.0031702898
THREOCAT-PWY: superpathway of L-threonine metabolism,0.0031444263
k__Bacteria|p__Bacteroidetes|c__Bacteroidia|o__Bacteroidales|f__Rikenellaceae|g__Alistipes|s__Alistipes_inops,0.0030239203
k__Bacteria|p__Firmicutes|c__Clostridia|o__Clostridiales|f__Lachnospiraceae|g__Coprococcus|s__Coprococcus_eutactus,0.0030177007
PWY-5971: palmitate biosynthesis II (bacteria and plants),0.00298419
PWY-7204: pyridoxal 5'-phosphate salvage II (plants),0.0029398429
PWY-5861: superpathway of demethylmenaquinol-8 biosynthesis,0.002937415
k__Bacteria|p__Proteobacteria|c__Gammaproteobacteria|o__Enterobacterales|f__Enterobacteriaceae|g__Klebsiella|s__Klebsiella_quasipneumoniae,0.0028194133
PWY-5862: superpathway of demethylmenaquinol-9 biosynthesis,0.0028054642
k__Bacteria|p__Firmicutes|c__Negativicutes|o__Veillonellales|f__Veillonellaceae|g__Dialister|s__Dialister_invisus,0.0027900545
PWY-5850: superpathway of menaquinol-6 biosynthesis I,0.0027233874
PWY-6277: superpathway of 5-aminoimidazole ribonucleotide biosynthesis,0.0027045321
PWY-5101: L-isoleucine biosynthesis II,0.002593184
PWY-5180: toluene degradation I (aerobic) (via o-cresol),0.0025578241
VALSYN-PWY: L-valine biosynthesis,0.0025394692
k__Bacteria|p__Lentisphaerae|c__Lentisphaeria|o__Victivallales|f__Victivallaceae|g__Victivallis|s__Victivallis_vadensis,0.0023623426
PWY0-321: phenylacetate degradation I (aerobic),0.0023306597
k__Bacteria|p__Fusobacteria|c__Fusobacteriia|o__Fusobacteriales|f__Fusobacteriaceae|g__Fusobacterium|s__Fusobacterium_mortiferum,0.0023219774
k__Bacteria|p__Firmicutes|c__Negativicutes|o__Veillonellales|f__Veillonellaceae|g__Megasphaera|s__Megasphaera_micronuciformis,0.0021540592
"PWY-5791: 1,4-dihydroxy-2-naphthoate biosynthesis II (plants)",0.002095004
LPSSYN-PWY: superpathway of lipopolysaccharide biosynthesis,0.0020761904
k__Bacteria|p__Firmicutes|c__Clostridia|o__Clostridiales|f__Lachnospiraceae|g__Blautia|s__Blautia_coccoides,0.0020507853
k__Bacteria|p__Bacteroidetes|c__Bacteroidia|o__Bacteroidales|f__Barnesiellaceae|g__Coprobacter|s__Coprobacter_secundus,0.0019890373
k__Bacteria|p__Bacteroidetes|c__Bacteroidia|o__Bacteroidales|f__Bacteroidaceae|g__Bacteroides|s__Bacteroides_faecis,0.0018728392
k__Bacteria|p__Firmicutes|c__Bacilli|o__Lactobacillales|f__Enterococcaceae|g__Enterococcus|s__Enterococcus_faecium,0.001829029
PWY0-881: superpathway of fatty acid biosynthesis I (E. coli),0.0018203798
k__Bacteria|p__Bacteroidetes|c__Bacteroidia|o__Bacteroidales|f__Bacteroidaceae|g__Bacteroides|s__Bacteroides_salyersiae,0.0016909415
PWY-5705: allantoin degradation to glyoxylate III,0.0016519416
k__Bacteria|p__Firmicutes|c__Firmicutes_unclassified|o__Firmicutes_unclassified|f__Firmicutes_unclassified|g__Firmicutes_unclassified|s__Firmicutes_bacterium_CAG_170,0.0016306866
PWY-5863: superpathway of phylloquinol biosynthesis,0.001537579
k__Bacteria|p__Bacteroidetes|c__Bacteroidia|o__Bacteroidales|f__Bacteroidaceae|g__Bacteroides|s__Bacteroides_nordii,0.0015260649
k__Bacteria|p__Actinobacteria|c__Coriobacteriia|o__Coriobacteriales|f__Atopobiaceae|g__Olsenella|s__Olsenella_scatoligenes,0.0013026648
PWY-5431: aromatic compounds degradation via &beta;-ketoadipate,0.00095107354
PWY-5100: pyruvate fermentation to acetate and lactate II,0.0008856626
k__Bacteria|p__Firmicutes|c__Negativicutes|o__Selenomonadales|f__Selenomonadaceae|g__Megamonas|s__Megamonas_funiformis,0.0
ECASYN-PWY: enterobacterial common antigen biosynthesis,0.0
ORNARGDEG-PWY: superpathway of L-arginine and L-ornithine degradation,0.0
UBISYN-PWY: superpathway of ubiquinol-8 biosynthesis (prokaryotic),0.0
PWY-5855: ubiquinol-7 biosynthesis (prokaryotic),0.0
PWY-5856: ubiquinol-9 biosynthesis (prokaryotic),0.0
PWY-5857: ubiquinol-10 biosynthesis (prokaryotic),0.0
PWY-6708: ubiquinol-8 biosynthesis (prokaryotic),0.0
"ARGDEG-PWY: superpathway of L-arginine, putrescine, and 4-aminobutanoate degradation",0.0
PWY-5182: toluene degradation II (aerobic) (via 4-methylcatechol),0.0
ENTBACSYN-PWY: enterobactin biosynthesis,0.0
"PWY-5837: 1,4-dihydroxy-2-naphthoate biosynthesis I",0.0
PWY-6071: superpathway of phenylethylamine degradation,0.0
PWY-5692: allantoin degradation to glyoxylate II,0.0
GLUCARGALACTSUPER-PWY: superpathway of D-glucarate and D-galactarate degradation,0.0
GLYOXYLATE-BYPASS: glyoxylate cycle,0.0
PWY-7345: superpathway of anaerobic sucrose degradation,0.0
k__Bacteria|p__Actinobacteria|c__Actinobacteria|o__Bifidobacteriales|f__Bifidobacteriaceae|g__Bifidobacterium|s__Bifidobacterium_animalis,0.0
PWY-5181: toluene degradation III (aerobic) (via p-cresol),0.0
TCA-GLYOX-BYPASS: superpathway of glyoxylate bypass and TCA,0.0
PWY-561: superpathway of glyoxylate cycle and fatty acid degradation,0.0
PWY-6185: 4-methylcatechol degradation (ortho cleavage),0.0
PWY-6182: superpathway of salicylate degradation,0.0
k__Bacteria|p__Bacteroidetes|c__Bacteroidia|o__Bacteroidales|f__Prevotellaceae|g__Prevotella|s__Prevotella_sp_CAG_279,0.0
k__Bacteria|p__Firmicutes|c__Bacilli|o__Lactobacillales|f__Enterococcaceae|g__Enterococcus|s__Enterococcus_faecalis,0.0
URDEGR-PWY: superpathway of allantoin degradation in plants,0.0
METSYN-PWY: L-homoserine and L-methionine biosynthesis,0.0
PWY-5897: superpathway of menaquinol-11 biosynthesis,0.0
k__Bacteria|p__Firmicutes|c__Negativicutes|o__Selenomonadales|f__Selenomonadaceae|g__Megamonas|s__Megamonas_hypermegale,0.0
PWY-7286: 7-(3-amino-3-carboxypropyl)-wyosine biosynthesis,0.0
k__Bacteria|p__Firmicutes|c__Negativicutes|o__Veillonellales|f__Veillonellaceae|g__Megasphaera|s__Megasphaera_elsdenii,0.0
PWY0-42: 2-methylcitrate cycle I,0.0
PWY-5899: superpathway of menaquinol-13 biosynthesis,0.0
k__Bacteria|p__Firmicutes|c__Negativicutes|o__Veillonellales|f__Veillonellaceae|g__Veillonella|s__Veillonella_sp_T11011_6,0.0
k__Bacteria|p__Firmicutes|c__Bacilli|o__Lactobacillales|f__Streptococcaceae|g__Streptococcus|s__Streptococcus_mutans,0.0
PWY-6349: CDP-archaeol biosynthesis,0.0
PWY-5898: superpathway of menaquinol-12 biosynthesis,0.0
k__Bacteria|p__Firmicutes|c__Firmicutes_unclassified|o__Firmicutes_unclassified|f__Firmicutes_unclassified|g__Firmicutes_unclassified|s__Firmicutes_bacterium_CAG_238,0.0
PWY-5896: superpathway of menaquinol-10 biosynthesis,0.0
k__Bacteria|p__Firmicutes|c__Bacilli|o__Lactobacillales|f__Streptococcaceae|g__Streptococcus|s__Streptococcus_anginosus_group,0.0
AEROBACTINSYN-PWY: aerobactin biosynthesis,0.0
PWY-5198: factor 420 biosynthesis,0.0
k__Bacteria|p__Firmicutes|c__Clostridia|o__Clostridiales|f__Lachnospiraceae|g__Lachnoclostridium|s__Lachnoclostridium_sp_An138,0.0
PWY-6167: flavin biosynthesis II (archaea),0.0
k__Bacteria|p__Firmicutes|c__Clostridia|o__Clostridiales|f__Clostridiaceae|g__Clostridium|s__Clostridium_sp_CAG_167,0.0
k__Bacteria|p__Actinobacteria|c__Actinobacteria|o__Actinomycetales|f__Actinomycetaceae|g__Actinomyces|s__Actinomyces_oris,0.0
KDO-NAGLIPASYN-PWY: superpathway of (Kdo)2-lipid A biosynthesis,0.0
ORNDEG-PWY: superpathway of ornithine degradation,0.0
k__Bacteria|p__Actinobacteria|c__Actinobacteria|o__Micrococcales|f__Micrococcaceae|g__Rothia|s__Rothia_dentocariosa,0.0
PWY-6165: chorismate biosynthesis II (archaea),0.0
PWY-7664: oleate biosynthesis IV (anaerobic),0.0
PWY-6690: cinnamate and 3-hydroxycinnamate degradation to 2-oxopent-4-enoate,0.0
"GLYCOLYSIS-TCA-GLYOX-BYPASS: superpathway of glycolysis, pyruvate dehydrogenase, TCA, and glyoxylate bypass",0.0
